case_id,audio_filename,source_batch,medical_domain,medical_domain_status,speaker_id,speaker_assignment_status,code_switch_category,code_switch_annotation_status,reference_transcript,focus_terms,reference_review_status,reference_source,audio_presence_status,consent_obtained,de_identified,hosted_inference_approved,reference_review_evidence,consent_evidence_reference,de_identification_evidence_reference,hosted_inference_approval_evidence_reference,code_switch_annotation_evidence,speaker_assignment_evidence,audio_presence_evidence_reference,audio_checksum_sha256,audio_checksum_evidence_reference,language_mix,reviewer,review_date,verification_method,verification_notes,dataset_version,prepared_by
CS-01,CS-01.wav,Batch 1: Locked Baseline,Infectious Disease / Pulmonology,provided_in_ground_truth_sheet,Speaker-03,pending_review,Mostly Amharic,provisional_script_share_estimate_requires_human_confirmation,ሕመምተኛው ለ 3 ቀን high-grade fever እና severe ሳል አለው።,High-grade fever,verified_against_audio,Google Sheet 1IQOdmAQxuiU2MgAqCAQ91rG-8TIS3UB_:Sheet1!H7 (normalized_transcript; review_status=verified),verified_present,unknown,unknown,unknown,GROUND_TRUTH_SOURCE.xlsx:Sheet1!K7 review_status=verified (Google Sheet 1IQOdmAQxuiU2MgAqCAQ91rG-8TIS3UB_),,,,,Source speaker_id is supplied; speaker-to-case assignment has not been independently reviewed,GROUND_TRUTH_SOURCE.xlsx:Sheet1!C7; raw_audio/CS-01.wav; cleaned_audio/CS-01.wav,0c09d09785dbf227c71e8ca44c12392d413b9633087cf40a237d71f5df80da0d,SHA-256 computed from cleaned_audio/CS-01.wav,Amharic-English,,,manual_review,"User-supplied benchmark evidence states transcripts, audio, and audio-transcript alignment were manually reviewed. Reviewer identity, review date, and underlying review logs were not supplied. Benchmark preparation: Ermias.",v1.0,Ermias
CS-02,CS-02.wav,Batch 1: Locked Baseline,General Outpatient / Pharmacology,provided_in_ground_truth_sheet,Speaker-03,pending_review,Mostly English Clinical Terms,provisional_script_share_estimate_requires_human_confirmation,"Prescribe Amoxicillin 500mg capsules, TID for 7 days.","Amoxicillin 500mg, TID",verified_against_audio,Google Sheet 1IQOdmAQxuiU2MgAqCAQ91rG-8TIS3UB_:Sheet1!H8 (normalized_transcript; review_status=verified),verified_present,unknown,unknown,unknown,GROUND_TRUTH_SOURCE.xlsx:Sheet1!K8 review_status=verified (Google Sheet 1IQOdmAQxuiU2MgAqCAQ91rG-8TIS3UB_),,,,,Source speaker_id is supplied; speaker-to-case assignment has not been independently reviewed,GROUND_TRUTH_SOURCE.xlsx:Sheet1!C8; raw_audio/CS-02.wav; cleaned_audio/CS-02.wav,cd4b7ddbad6fc72f28c8d35062b0b692dc3f98d3e9b62345b2f16261c6bd817a,SHA-256 computed from cleaned_audio/CS-02.wav,Amharic-English,,,manual_review,"User-supplied benchmark evidence states transcripts, audio, and audio-transcript alignment were manually reviewed. Reviewer identity, review date, and underlying review logs were not supplied. Benchmark preparation: Ermias.",v1.0,Ermias
CS-03,CS-03.wav,Batch 1: Locked Baseline,Pediatric Pulmonology,provided_in_ground_truth_sheet,Speaker-03,pending_review,Mostly Amharic,provisional_script_share_estimate_requires_human_confirmation,ሕፃኑ ትንፋሽ ማጠር እና wheezing ስላለው nebulization ያስፈልገዋል።,"ትንፋሽ ማጠር, Wheezing, Nebulization",verified_against_audio,Google Sheet 1IQOdmAQxuiU2MgAqCAQ91rG-8TIS3UB_:Sheet1!H9 (normalized_transcript; review_status=verified),verified_present,unknown,unknown,unknown,GROUND_TRUTH_SOURCE.xlsx:Sheet1!K9 review_status=verified (Google Sheet 1IQOdmAQxuiU2MgAqCAQ91rG-8TIS3UB_),,,,,Source speaker_id is supplied; speaker-to-case assignment has not been independently reviewed,GROUND_TRUTH_SOURCE.xlsx:Sheet1!C9; raw_audio/CS-03.wav; cleaned_audio/CS-03.wav,f43281e23460520a786833118ce6d596a77de35d85bee5c1e315f4c16d86ce9b,SHA-256 computed from cleaned_audio/CS-03.wav,Amharic-English,,,manual_review,"User-supplied benchmark evidence states transcripts, audio, and audio-transcript alignment were manually reviewed. Reviewer identity, review date, and underlying review logs were not supplied. Benchmark preparation: Ermias.",v1.0,Ermias
CS-04,CS-04.wav,Batch 1: Locked Baseline,Urology / Outpatient,provided_in_ground_truth_sheet,Speaker-03,pending_review,Mostly English Clinical Terms,provisional_script_share_estimate_requires_human_confirmation,Dysuria እና lower abdominal pain ስላለው፣ check urine analysis.,"Dysuria, Urine analysis",verified_against_audio,Google Sheet 1IQOdmAQxuiU2MgAqCAQ91rG-8TIS3UB_:Sheet1!H10 (normalized_transcript; review_status=verified),verified_present,unknown,unknown,unknown,GROUND_TRUTH_SOURCE.xlsx:Sheet1!K10 review_status=verified (Google Sheet 1IQOdmAQxuiU2MgAqCAQ91rG-8TIS3UB_),,,,,Source speaker_id is supplied; speaker-to-case assignment has not been independently reviewed,GROUND_TRUTH_SOURCE.xlsx:Sheet1!C10; raw_audio/CS-04.wav; cleaned_audio/CS-04.wav,9f1f9f4932c7f213e82ed42056f05c351614b393ec8272d423a61e5ee94ae5ab,SHA-256 computed from cleaned_audio/CS-04.wav,Amharic-English,,,manual_review,"User-supplied benchmark evidence states transcripts, audio, and audio-transcript alignment were manually reviewed. Reviewer identity, review date, and underlying review logs were not supplied. Benchmark preparation: Ermias.",v1.0,Ermias
CS-05,CS-05.wav,Batch 1: Locked Baseline,Pediatrics / Pharmacology,provided_in_ground_truth_sheet,Speaker-03,pending_review,Mostly English Clinical Terms,provisional_script_share_estimate_requires_human_confirmation,"Pediatric suspension 125mg/5mL, 5mL PO TID for 5 days.","Pediatric suspension, 125mg/5mL, PO TID",verified_against_audio,Google Sheet 1IQOdmAQxuiU2MgAqCAQ91rG-8TIS3UB_:Sheet1!H11 (normalized_transcript; review_status=verified),verified_present,unknown,unknown,unknown,GROUND_TRUTH_SOURCE.xlsx:Sheet1!K11 review_status=verified (Google Sheet 1IQOdmAQxuiU2MgAqCAQ91rG-8TIS3UB_),,,,,Source speaker_id is supplied; speaker-to-case assignment has not been independently reviewed,GROUND_TRUTH_SOURCE.xlsx:Sheet1!C11; raw_audio/CS-05.wav; cleaned_audio/CS-05.wav,5b6e7050a424d6213baf49ba7d563265f6441b692420ac12006ed06203a0341d,SHA-256 computed from cleaned_audio/CS-05.wav,Amharic-English,,,manual_review,"User-supplied benchmark evidence states transcripts, audio, and audio-transcript alignment were manually reviewed. Reviewer identity, review date, and underlying review logs were not supplied. Benchmark preparation: Ermias.",v1.0,Ermias
CS-06,CS-06.wav,Batch 1: Locked Baseline,Endocrinology,provided_in_ground_truth_sheet,Speaker-03,pending_review,Mostly English Clinical Terms,provisional_script_share_estimate_requires_human_confirmation,Fasting blood sugar 240 mg/dL ስለሆነ Metformin 500mg BID እናዘዝ።,"Fasting blood sugar, Metformin, BID",verified_against_audio,Google Sheet 1IQOdmAQxuiU2MgAqCAQ91rG-8TIS3UB_:Sheet1!H12 (normalized_transcript; review_status=verified),verified_present,unknown,unknown,unknown,GROUND_TRUTH_SOURCE.xlsx:Sheet1!K12 review_status=verified (Google Sheet 1IQOdmAQxuiU2MgAqCAQ91rG-8TIS3UB_),,,,,Source speaker_id is supplied; speaker-to-case assignment has not been independently reviewed,GROUND_TRUTH_SOURCE.xlsx:Sheet1!C12; raw_audio/CS-06.wav; cleaned_audio/CS-06.wav,fb7acbb9df98cd78cdb6fd226e03859dffa9117abee4817b4a820ea9dfbff839,SHA-256 computed from cleaned_audio/CS-06.wav,Amharic-English,,,manual_review,"User-supplied benchmark evidence states transcripts, audio, and audio-transcript alignment were manually reviewed. Reviewer identity, review date, and underlying review logs were not supplied. Benchmark preparation: Ermias.",v1.0,Ermias
CS-07,CS-07.wav,Batch 1: Locked Baseline,Cardiology / Nephrology,provided_in_ground_truth_sheet,Speaker-03,pending_review,Mostly English Clinical Terms,provisional_script_share_estimate_requires_human_confirmation,"BP 160/100 mmHg ነው። Bilateral lower extremity edema ስላለ Echocardiogram እና LFT, RFT order እናድርግ።","BP 160/100 mmHg, Edema, Echocardiogram",verified_against_audio,Google Sheet 1IQOdmAQxuiU2MgAqCAQ91rG-8TIS3UB_:Sheet1!H13 (normalized_transcript; review_status=verified),verified_present,unknown,unknown,unknown,GROUND_TRUTH_SOURCE.xlsx:Sheet1!K13 review_status=verified (Google Sheet 1IQOdmAQxuiU2MgAqCAQ91rG-8TIS3UB_),,,,,Source speaker_id is supplied; speaker-to-case assignment has not been independently reviewed,GROUND_TRUTH_SOURCE.xlsx:Sheet1!C13; raw_audio/CS-07.wav; cleaned_audio/CS-07.wav,ae97d702759f6ff0b9e4ca9975f51b4c92f0c937fc6d3f97f2391ec6697bceb6,SHA-256 computed from cleaned_audio/CS-07.wav,Amharic-English,,,manual_review,"User-supplied benchmark evidence states transcripts, audio, and audio-transcript alignment were manually reviewed. Reviewer identity, review date, and underlying review logs were not supplied. Benchmark preparation: Ermias.",v1.0,Ermias
CS-08,CS-08.wav,Batch 1: Locked Baseline,Infectious Disease / Tropical Medicine,provided_in_ground_truth_sheet,Speaker-03,pending_review,Mostly English Clinical Terms,provisional_script_share_estimate_requires_human_confirmation,ሕመምተኛው chills,"Chills, Rigor, Malaria film, CBC",verified_against_audio,Google Sheet 1IQOdmAQxuiU2MgAqCAQ91rG-8TIS3UB_:Sheet1!H14 (normalized_transcript; review_status=verified),verified_present,unknown,unknown,unknown,GROUND_TRUTH_SOURCE.xlsx:Sheet1!K14 review_status=verified (Google Sheet 1IQOdmAQxuiU2MgAqCAQ91rG-8TIS3UB_),,,,,Source speaker_id is supplied; speaker-to-case assignment has not been independently reviewed,GROUND_TRUTH_SOURCE.xlsx:Sheet1!C14; raw_audio/CS-08.wav; cleaned_audio/CS-08.wav,da157b0afdb9c290be29ffec4910f13f14027a57f9460130c324982b6a9b0c5a,SHA-256 computed from cleaned_audio/CS-08.wav,Amharic-English,,,manual_review,"User-supplied benchmark evidence states transcripts, audio, and audio-transcript alignment were manually reviewed. Reviewer identity, review date, and underlying review logs were not supplied. Benchmark preparation: Ermias.",v1.0,Ermias
CS-09,CS-09.wav,Batch 1: Locked Baseline,Obstetrics & Gynecology (OBGYN),provided_in_ground_truth_sheet,Speaker-03,pending_review,Mostly English Clinical Terms,provisional_script_share_estimate_requires_human_confirmation,Gravida 3 Para 2 at 38 weeks gestation. Regular uterine contractions እና ruptured membranes ስላሉ Plan for normal vaginal delivery.,"Gravida 3 Para 2, Gestation, Delivery",verified_against_audio,Google Sheet 1IQOdmAQxuiU2MgAqCAQ91rG-8TIS3UB_:Sheet1!H15 (normalized_transcript; review_status=verified),verified_present,unknown,unknown,unknown,GROUND_TRUTH_SOURCE.xlsx:Sheet1!K15 review_status=verified (Google Sheet 1IQOdmAQxuiU2MgAqCAQ91rG-8TIS3UB_),,,,,Source speaker_id is supplied; speaker-to-case assignment has not been independently reviewed,GROUND_TRUTH_SOURCE.xlsx:Sheet1!C15; raw_audio/CS-09.wav; cleaned_audio/CS-09.wav,dfe14756a9f635898405d610172031d094c3aca97635f651e8dd56502ac79bdd,SHA-256 computed from cleaned_audio/CS-09.wav,Amharic-English,,,manual_review,"User-supplied benchmark evidence states transcripts, audio, and audio-transcript alignment were manually reviewed. Reviewer identity, review date, and underlying review logs were not supplied. Benchmark preparation: Ermias.",v1.0,Ermias
CS-10,CS-10.wav,Batch 1: Locked Baseline,General Surgery / Gastroenterology,provided_in_ground_truth_sheet,Speaker-03,pending_review,Mostly English Clinical Terms,provisional_script_share_estimate_requires_human_confirmation,Right lower quadrant rebound tenderness ስላለ acute appendicitis rule out ለማድረግ Abdominal ultrasound እና WBC count order እንስጥ።,"Appendicitis, Ultrasound, WBC count",verified_against_audio,Google Sheet 1IQOdmAQxuiU2MgAqCAQ91rG-8TIS3UB_:Sheet1!H16 (normalized_transcript; review_status=verified),verified_present,unknown,unknown,unknown,GROUND_TRUTH_SOURCE.xlsx:Sheet1!K16 review_status=verified (Google Sheet 1IQOdmAQxuiU2MgAqCAQ91rG-8TIS3UB_),,,,,Source speaker_id is supplied; speaker-to-case assignment has not been independently reviewed,GROUND_TRUTH_SOURCE.xlsx:Sheet1!C16; raw_audio/CS-10.wav; cleaned_audio/CS-10.wav,9ee5c875f36b90053e40e39d67ff6d75c8198266a49a2f56c60d68d3ecae7673,SHA-256 computed from cleaned_audio/CS-10.wav,Amharic-English,,,manual_review,"User-supplied benchmark evidence states transcripts, audio, and audio-transcript alignment were manually reviewed. Reviewer identity, review date, and underlying review logs were not supplied. Benchmark preparation: Ermias.",v1.0,Ermias
CS-11,CS-11.wav,Batch 1: Locked Baseline,Infectious Disease / Pulmonology,provided_in_ground_truth_sheet,Speaker-03,pending_review,Mostly English Clinical Terms,provisional_script_share_estimate_requires_human_confirmation,ለ 3 ሳምንት የቆየ chronic cough,"Chronic cough, GeneXpert, X-ray",verified_against_audio,Google Sheet 1IQOdmAQxuiU2MgAqCAQ91rG-8TIS3UB_:Sheet1!H17 (normalized_transcript; review_status=verified),verified_present,unknown,unknown,unknown,GROUND_TRUTH_SOURCE.xlsx:Sheet1!K17 review_status=verified (Google Sheet 1IQOdmAQxuiU2MgAqCAQ91rG-8TIS3UB_),,,,,Source speaker_id is supplied; speaker-to-case assignment has not been independently reviewed,GROUND_TRUTH_SOURCE.xlsx:Sheet1!C17; raw_audio/CS-11.wav; cleaned_audio/CS-11.wav,1efa93843e292f75987964125b44fb1532dc11c3cfb8db9a158b377149772003,SHA-256 computed from cleaned_audio/CS-11.wav,Amharic-English,,,manual_review,"User-supplied benchmark evidence states transcripts, audio, and audio-transcript alignment were manually reviewed. Reviewer identity, review date, and underlying review logs were not supplied. Benchmark preparation: Ermias.",v1.0,Ermias
CS-12,CS-12.wav,Batch 1: Locked Baseline,Gastroenterology / Emergency,provided_in_ground_truth_sheet,Speaker-03,pending_review,Mostly English Clinical Terms,provisional_script_share_estimate_requires_human_confirmation,severe vomiting እና watery diarrhea ስላለ Signs of severe dehydration ታይቷል፤ IV Normal Saline bolus እንስጥ።,"Vomiting, Dehydration, IV Saline",verified_against_audio,Google Sheet 1IQOdmAQxuiU2MgAqCAQ91rG-8TIS3UB_:Sheet1!H18 (normalized_transcript; review_status=verified),verified_present,unknown,unknown,unknown,GROUND_TRUTH_SOURCE.xlsx:Sheet1!K18 review_status=verified (Google Sheet 1IQOdmAQxuiU2MgAqCAQ91rG-8TIS3UB_),,,,,Source speaker_id is supplied; speaker-to-case assignment has not been independently reviewed,GROUND_TRUTH_SOURCE.xlsx:Sheet1!C18; raw_audio/CS-12.wav; cleaned_audio/CS-12.wav,0c040969530e221a56c8bec481ec5c607cfa9f25a12a341dd49a1d3b151a07cb,SHA-256 computed from cleaned_audio/CS-12.wav,Amharic-English,,,manual_review,"User-supplied benchmark evidence states transcripts, audio, and audio-transcript alignment were manually reviewed. Reviewer identity, review date, and underlying review logs were not supplied. Benchmark preparation: Ermias.",v1.0,Ermias
CS-13,CS-13.wav,Batch 1: Locked Baseline,Trauma / Emergency Medicine,provided_in_ground_truth_sheet,Speaker-03,pending_review,Mostly English Clinical Terms,provisional_script_share_estimate_requires_human_confirmation,Involved in RTA with loss of consciousness for 10 minutes. Urgent Head CT scan እና cervical spine X-ray order አድርግ።,"RTA, Head CT scan, Cervical X-ray",verified_against_audio,Google Sheet 1IQOdmAQxuiU2MgAqCAQ91rG-8TIS3UB_:Sheet1!H19 (normalized_transcript; review_status=verified),verified_present,unknown,unknown,unknown,GROUND_TRUTH_SOURCE.xlsx:Sheet1!K19 review_status=verified (Google Sheet 1IQOdmAQxuiU2MgAqCAQ91rG-8TIS3UB_),,,,,Source speaker_id is supplied; speaker-to-case assignment has not been independently reviewed,GROUND_TRUTH_SOURCE.xlsx:Sheet1!C19; raw_audio/CS-13.wav; cleaned_audio/CS-13.wav,f42a555f948e67886cb7a8b4a4c361582a9c9d4e6f7026e6f170f71e273cca0e,SHA-256 computed from cleaned_audio/CS-13.wav,Amharic-English,,,manual_review,"User-supplied benchmark evidence states transcripts, audio, and audio-transcript alignment were manually reviewed. Reviewer identity, review date, and underlying review logs were not supplied. Benchmark preparation: Ermias.",v1.0,Ermias
CS-14,CS-14.wav,Batch 1: Locked Baseline,Dermatology / Allergy & Immunology,provided_in_ground_truth_sheet,Speaker-03,pending_review,Mostly English Clinical Terms,provisional_script_share_estimate_requires_human_confirmation,Generalized maculopapular rash እና severe pruritus ስላለው Discontinue Ceftriaxone immediately,"Rash, Pruritus, Ceftriaxone",verified_against_audio,Google Sheet 1IQOdmAQxuiU2MgAqCAQ91rG-8TIS3UB_:Sheet1!H20 (normalized_transcript; review_status=verified),verified_present,unknown,unknown,unknown,GROUND_TRUTH_SOURCE.xlsx:Sheet1!K20 review_status=verified (Google Sheet 1IQOdmAQxuiU2MgAqCAQ91rG-8TIS3UB_),,,,,Source speaker_id is supplied; speaker-to-case assignment has not been independently reviewed,GROUND_TRUTH_SOURCE.xlsx:Sheet1!C20; raw_audio/CS-14.wav; cleaned_audio/CS-14.wav,ef31158e967b1ef43ab76fbfd4c5e0386ef40e4e505c4be429abf39faf84441c,SHA-256 computed from cleaned_audio/CS-14.wav,Amharic-English,,,manual_review,"User-supplied benchmark evidence states transcripts, audio, and audio-transcript alignment were manually reviewed. Reviewer identity, review date, and underlying review logs were not supplied. Benchmark preparation: Ermias.",v1.0,Ermias
CS-15,CS-15.wav,Batch 1: Locked Baseline,Neurology / Infectious Disease,provided_in_ground_truth_sheet,Speaker-03,pending_review,Mostly English Clinical Terms,provisional_script_share_estimate_requires_human_confirmation,Severe headache,"Meningitis, Lumbar Puncture",verified_against_audio,Google Sheet 1IQOdmAQxuiU2MgAqCAQ91rG-8TIS3UB_:Sheet1!H21 (normalized_transcript; review_status=verified),verified_present,unknown,unknown,unknown,GROUND_TRUTH_SOURCE.xlsx:Sheet1!K21 review_status=verified (Google Sheet 1IQOdmAQxuiU2MgAqCAQ91rG-8TIS3UB_),,,,,Source speaker_id is supplied; speaker-to-case assignment has not been independently reviewed,GROUND_TRUTH_SOURCE.xlsx:Sheet1!C21; raw_audio/CS-15.wav; cleaned_audio/CS-15.wav,54ecfbee64691c9e18a448c31e3fcaeb94e747242d147647c61b8a8ed23e24f9,SHA-256 computed from cleaned_audio/CS-15.wav,Amharic-English,,,manual_review,"User-supplied benchmark evidence states transcripts, audio, and audio-transcript alignment were manually reviewed. Reviewer identity, review date, and underlying review logs were not supplied. Benchmark preparation: Ermias.",v1.0,Ermias
CS-16,CS-16.wav,"Batch 2: Emergency, Pediatrics, Endo, Card, Infectious",Emergency / Trauma,provided_in_ground_truth_sheet,Speaker-05,pending_review,Balanced Mix,provisional_script_share_estimate_requires_human_confirmation,ሕመምተኛው ከፍ ያለ የትራፊክ አደጋ ደርሶበት የመኪና ውስጥ ጉዳት ስላለው፣ urgent head CT scan እና cervical spine X-ray ወዲያውኑ order አድርጉልኝ፡፡,"Trauma, Head CT, Cervical X-ray",verified_against_audio,Google Sheet 1IQOdmAQxuiU2MgAqCAQ91rG-8TIS3UB_:Sheet1!H22 (normalized_transcript; review_status=verified),verified_present,unknown,unknown,unknown,GROUND_TRUTH_SOURCE.xlsx:Sheet1!K22 review_status=verified (Google Sheet 1IQOdmAQxuiU2MgAqCAQ91rG-8TIS3UB_),,,,,Source speaker_id is supplied; speaker-to-case assignment has not been independently reviewed,GROUND_TRUTH_SOURCE.xlsx:Sheet1!C22; raw_audio/CS-16.wav; cleaned_audio/CS-16.wav,42b30f6cd0b1347e2be304c813e4f4eedadcf2512ca54d93b22ba0bbf691958b,SHA-256 computed from cleaned_audio/CS-16.wav,Amharic-English,,,manual_review,"User-supplied benchmark evidence states transcripts, audio, and audio-transcript alignment were manually reviewed. Reviewer identity, review date, and underlying review logs were not supplied. Benchmark preparation: Ermias.",v1.0,Ermias
CS-17,CS-17.wav,"Batch 2: Emergency, Pediatrics, Endo, Card, Infectious",Emergency / Neurology,provided_in_ground_truth_sheet,Speaker-05,pending_review,Mostly Amharic,provisional_script_share_estimate_requires_human_confirmation,በመኪና አደጋ ምክንያት አጠቃላይ የንቃተ ህሊና ማጣት ለ 20 ደቂቃዎች ያህል አጋጥሞታል፣ ስለዚህ ቆይቶ neurological examination እና IV line ማስተካከል እንጀምራለን፡፡,"Loss of consciousness, Neurological exam",verified_against_audio,Google Sheet 1IQOdmAQxuiU2MgAqCAQ91rG-8TIS3UB_:Sheet1!H23 (normalized_transcript; review_status=verified),verified_present,unknown,unknown,unknown,GROUND_TRUTH_SOURCE.xlsx:Sheet1!K23 review_status=verified (Google Sheet 1IQOdmAQxuiU2MgAqCAQ91rG-8TIS3UB_),,,,,Source speaker_id is supplied; speaker-to-case assignment has not been independently reviewed,GROUND_TRUTH_SOURCE.xlsx:Sheet1!C23; raw_audio/CS-17.wav; cleaned_audio/CS-17.wav,8ca88320d20b9507a03842cf74526587214052d698fa771afdec7d144c4c64d8,SHA-256 computed from cleaned_audio/CS-17.wav,Amharic-English,,,manual_review,"User-supplied benchmark evidence states transcripts, audio, and audio-transcript alignment were manually reviewed. Reviewer identity, review date, and underlying review logs were not supplied. Benchmark preparation: Ermias.",v1.0,Ermias
CS-18,CS-18.wav,"Batch 2: Emergency, Pediatrics, Endo, Card, Infectious",Emergency / Hematology,provided_in_ground_truth_sheet,Speaker-05,pending_review,Mostly Amharic,provisional_script_share_estimate_requires_human_confirmation,ከፍተኛ የሆነ የደም መፍሰስ በግራ እጁ ላይ ስላለ፣ pressure dressing አድርገን ወዲያውኑ CBC እና blood typing መሥራት አለብን።,"Hemorrhage, Pressure dressing, CBC",verified_against_audio,Google Sheet 1IQOdmAQxuiU2MgAqCAQ91rG-8TIS3UB_:Sheet1!H24 (normalized_transcript; review_status=verified),verified_present,unknown,unknown,unknown,GROUND_TRUTH_SOURCE.xlsx:Sheet1!K24 review_status=verified (Google Sheet 1IQOdmAQxuiU2MgAqCAQ91rG-8TIS3UB_),,,,,Source speaker_id is supplied; speaker-to-case assignment has not been independently reviewed,GROUND_TRUTH_SOURCE.xlsx:Sheet1!C24; raw_audio/CS-18.wav; cleaned_audio/CS-18.wav,ecf358a6c449633490f76cec0b98281508942548f0086ca7721b274d3292bb7c,SHA-256 computed from cleaned_audio/CS-18.wav,Amharic-English,,,manual_review,"User-supplied benchmark evidence states transcripts, audio, and audio-transcript alignment were manually reviewed. Reviewer identity, review date, and underlying review logs were not supplied. Benchmark preparation: Ermias.",v1.0,Ermias
CS-19,CS-19.wav,"Batch 2: Emergency, Pediatrics, Endo, Card, Infectious",Pediatric Pulmonology,provided_in_ground_truth_sheet,Speaker-05,pending_review,Mostly Amharic,provisional_script_share_estimate_requires_human_confirmation,ሕፃኑ የ 2 ዓመት ልጅ ሲሆን ለ 3 ቀናት የሚቆይ ከባድ ሳል እና wheezing አለው፣ ስለዚህ nebulization ከ salbutamol ጋር አሁን እንሰጠዋለን።,"Pediatric cough, Wheezing, Salbutamol",verified_against_audio,Google Sheet 1IQOdmAQxuiU2MgAqCAQ91rG-8TIS3UB_:Sheet1!H25 (normalized_transcript; review_status=verified),verified_present,unknown,unknown,unknown,GROUND_TRUTH_SOURCE.xlsx:Sheet1!K25 review_status=verified (Google Sheet 1IQOdmAQxuiU2MgAqCAQ91rG-8TIS3UB_),,,,,Source speaker_id is supplied; speaker-to-case assignment has not been independently reviewed,GROUND_TRUTH_SOURCE.xlsx:Sheet1!C25; raw_audio/CS-19.wav; cleaned_audio/CS-19.wav,fcdc58dadeb6a566934714227117338eaefb3e82cb72e8a46ba225ef6741100a,SHA-256 computed from cleaned_audio/CS-19.wav,Amharic-English,,,manual_review,"User-supplied benchmark evidence states transcripts, audio, and audio-transcript alignment were manually reviewed. Reviewer identity, review date, and underlying review logs were not supplied. Benchmark preparation: Ermias.",v1.0,Ermias
CS-20,CS-20.wav,"Batch 2: Emergency, Pediatrics, Endo, Card, Infectious",Pediatric Gastroenterology,provided_in_ground_truth_sheet,Speaker-05,pending_review,Balanced Mix,provisional_script_share_estimate_requires_human_confirmation,ልጁ የማስታወክ እና watery diarrhea ምልክቶች ስላሉት፣ acute dehydration ሊሆን ስለሚችል IV Normal Saline bolus ጀምርለት።,"Diarrhea, Acute dehydration, NS bolus",verified_against_audio,Google Sheet 1IQOdmAQxuiU2MgAqCAQ91rG-8TIS3UB_:Sheet1!H26 (normalized_transcript; review_status=verified),verified_present,unknown,unknown,unknown,GROUND_TRUTH_SOURCE.xlsx:Sheet1!K26 review_status=verified (Google Sheet 1IQOdmAQxuiU2MgAqCAQ91rG-8TIS3UB_),,,,,Source speaker_id is supplied; speaker-to-case assignment has not been independently reviewed,GROUND_TRUTH_SOURCE.xlsx:Sheet1!C26; raw_audio/CS-20.wav; cleaned_audio/CS-20.wav,f20a00f1ceeecb3f0fd7d0c109caad1b155f1e929c04129fdc85a86bb3e4aeba,SHA-256 computed from cleaned_audio/CS-20.wav,Amharic-English,,,manual_review,"User-supplied benchmark evidence states transcripts, audio, and audio-transcript alignment were manually reviewed. Reviewer identity, review date, and underlying review logs were not supplied. Benchmark preparation: Ermias.",v1.0,Ermias
CS-21,CS-21.wav,"Batch 2: Emergency, Pediatrics, Endo, Card, Infectious",Pediatric ENT,provided_in_ground_truth_sheet,Speaker-04,pending_review,Balanced Mix,provisional_script_share_estimate_requires_human_confirmation,ልጁ የማስታወክ እና watery diarrhea ምልክቶች ስላሉት፣ acute dehydration ሊሆን ስለሚችል IV Normal Saline bolus ጀምርለት።,"Tonsillitis, Amoxicillin suspension",verified_against_audio,Google Sheet 1IQOdmAQxuiU2MgAqCAQ91rG-8TIS3UB_:Sheet1!H27 (normalized_transcript; review_status=verified),verified_present,unknown,unknown,unknown,GROUND_TRUTH_SOURCE.xlsx:Sheet1!K27 review_status=verified (Google Sheet 1IQOdmAQxuiU2MgAqCAQ91rG-8TIS3UB_),,,,,Source speaker_id is supplied; speaker-to-case assignment has not been independently reviewed,GROUND_TRUTH_SOURCE.xlsx:Sheet1!C27; raw_audio/CS-21.wav; cleaned_audio/CS-21.wav,9606ea061024ffc64b94db4ba82d461101e2595cc655403c4a17424533347947,SHA-256 computed from cleaned_audio/CS-21.wav,Amharic-English,,,manual_review,"User-supplied benchmark evidence states transcripts, audio, and audio-transcript alignment were manually reviewed. Reviewer identity, review date, and underlying review logs were not supplied. Benchmark preparation: Ermias.",v1.0,Ermias
CS-22,CS-22.wav,"Batch 2: Emergency, Pediatrics, Endo, Card, Infectious",Endocrinology,provided_in_ground_truth_sheet,Speaker-04,pending_review,Balanced Mix,provisional_script_share_estimate_requires_human_confirmation,የዛሬው ምርመራ ላይ fasting blood sugar 260 mg/dL ስለሆነ፣ Metformin 1000mg BID አስተካክለን እንቀጥላለን፡፡,"Hyperglycemia, Metformin adjustment",verified_against_audio,Google Sheet 1IQOdmAQxuiU2MgAqCAQ91rG-8TIS3UB_:Sheet1!H28 (normalized_transcript; review_status=verified),verified_present,unknown,unknown,unknown,GROUND_TRUTH_SOURCE.xlsx:Sheet1!K28 review_status=verified (Google Sheet 1IQOdmAQxuiU2MgAqCAQ91rG-8TIS3UB_),,,,,Source speaker_id is supplied; speaker-to-case assignment has not been independently reviewed,GROUND_TRUTH_SOURCE.xlsx:Sheet1!C28; raw_audio/CS-22.wav; cleaned_audio/CS-22.wav,b2222eddfbc8b27bc26ee4abee941d516de74e767c8bf00074edf926f4444e8d,SHA-256 computed from cleaned_audio/CS-22.wav,Amharic-English,,,manual_review,"User-supplied benchmark evidence states transcripts, audio, and audio-transcript alignment were manually reviewed. Reviewer identity, review date, and underlying review logs were not supplied. Benchmark preparation: Ermias.",v1.0,Ermias
CS-23,CS-23.wav,"Batch 2: Emergency, Pediatrics, Endo, Card, Infectious",Endocrinology / Emergency,provided_in_ground_truth_sheet,Speaker-04,pending_review,Balanced Mix,provisional_script_share_estimate_requires_human_confirmation,ታካሚው ከፍተኛ ራስ ምታት እና Kussmaul breathing ስላለው፣ immediate random blood sugar እና urine ketones check ማድረግ አለብን።,"Kussmaul breathing, Blood sugar, Ketones",verified_against_audio,Google Sheet 1IQOdmAQxuiU2MgAqCAQ91rG-8TIS3UB_:Sheet1!H29 (normalized_transcript; review_status=verified),verified_present,unknown,unknown,unknown,GROUND_TRUTH_SOURCE.xlsx:Sheet1!K29 review_status=verified (Google Sheet 1IQOdmAQxuiU2MgAqCAQ91rG-8TIS3UB_),,,,,Source speaker_id is supplied; speaker-to-case assignment has not been independently reviewed,GROUND_TRUTH_SOURCE.xlsx:Sheet1!C29; raw_audio/CS-23.wav; cleaned_audio/CS-23.wav,d3836d3e1fec1e720f5dd34b72399953feabc2b73d834b43c7dccb06e2080abe,SHA-256 computed from cleaned_audio/CS-23.wav,Amharic-English,,,manual_review,"User-supplied benchmark evidence states transcripts, audio, and audio-transcript alignment were manually reviewed. Reviewer identity, review date, and underlying review logs were not supplied. Benchmark preparation: Ermias.",v1.0,Ermias
CS-24,CS-24.wav,"Batch 2: Emergency, Pediatrics, Endo, Card, Infectious",Endocrinology,provided_in_ground_truth_sheet,Speaker-04,pending_review,Balanced Mix,provisional_script_share_estimate_requires_human_confirmation,የታካሚው የአንገት እብጠት እና palpitation እየጨመረ ስለመጣ፣ TSH እና free T4 lab test order አድርግ።,"Neck swelling, TSH, Free T4",verified_against_audio,Google Sheet 1IQOdmAQxuiU2MgAqCAQ91rG-8TIS3UB_:Sheet1!H30 (normalized_transcript; review_status=verified),verified_present,unknown,unknown,unknown,GROUND_TRUTH_SOURCE.xlsx:Sheet1!K30 review_status=verified (Google Sheet 1IQOdmAQxuiU2MgAqCAQ91rG-8TIS3UB_),,,,,Source speaker_id is supplied; speaker-to-case assignment has not been independently reviewed,GROUND_TRUTH_SOURCE.xlsx:Sheet1!C30; raw_audio/CS-24.wav; cleaned_audio/CS-24.wav,6d9b24ef6fd9b86b72a49b6706693c62a4be4f80eb824f25243e388dc15b654a,SHA-256 computed from cleaned_audio/CS-24.wav,Amharic-English,,,manual_review,"User-supplied benchmark evidence states transcripts, audio, and audio-transcript alignment were manually reviewed. Reviewer identity, review date, and underlying review logs were not supplied. Benchmark preparation: Ermias.",v1.0,Ermias
CS-25,CS-25.wav,"Batch 2: Emergency, Pediatrics, Endo, Card, Infectious",Cardiology / Emergency,provided_in_ground_truth_sheet,Speaker-04,pending_review,Mostly Amharic,provisional_script_share_estimate_requires_human_confirmation,የደም ግፊቱ 180 በ 110 mmHg ደርሷል፣ እና ከባድ ራስ ምታት አለው፣ ስለዚህ Enalapril sublingually እንሰጣለን፡፡,"Hypertensive urgency, Enalapril",verified_against_audio,Google Sheet 1IQOdmAQxuiU2MgAqCAQ91rG-8TIS3UB_:Sheet1!H31 (normalized_transcript; review_status=verified),verified_present,unknown,unknown,unknown,GROUND_TRUTH_SOURCE.xlsx:Sheet1!K31 review_status=verified (Google Sheet 1IQOdmAQxuiU2MgAqCAQ91rG-8TIS3UB_),,,,,Source speaker_id is supplied; speaker-to-case assignment has not been independently reviewed,GROUND_TRUTH_SOURCE.xlsx:Sheet1!C31; raw_audio/CS-25.wav; cleaned_audio/CS-25.wav,6d9b24ef6fd9b86b72a49b6706693c62a4be4f80eb824f25243e388dc15b654a,SHA-256 computed from cleaned_audio/CS-25.wav,Amharic-English,,,manual_review,"User-supplied benchmark evidence states transcripts, audio, and audio-transcript alignment were manually reviewed. Reviewer identity, review date, and underlying review logs were not supplied. Benchmark preparation: Ermias.",v1.0,Ermias
CS-26,CS-26.wav,"Batch 2: Emergency, Pediatrics, Endo, Card, Infectious",Cardiology / Pulmonology,provided_in_ground_truth_sheet,Speaker-04,pending_review,Balanced Mix,provisional_script_share_estimate_requires_human_confirmation,በሁለቱም እግሮቹ ላይ bilateral pitting edema እና shortness of breath ስላለው፣ Echocardiogram እና Chest X-ray አሳይ።,"Pitting edema, Shortness of breath, Echo",verified_against_audio,Google Sheet 1IQOdmAQxuiU2MgAqCAQ91rG-8TIS3UB_:Sheet1!H32 (normalized_transcript; review_status=verified),verified_present,unknown,unknown,unknown,GROUND_TRUTH_SOURCE.xlsx:Sheet1!K32 review_status=verified (Google Sheet 1IQOdmAQxuiU2MgAqCAQ91rG-8TIS3UB_),,,,,Source speaker_id is supplied; speaker-to-case assignment has not been independently reviewed,GROUND_TRUTH_SOURCE.xlsx:Sheet1!C32; raw_audio/CS-26.wav; cleaned_audio/CS-26.wav,22464949c496d8d9833896308b55db247c6e6f89cbae8d15e0c8d7fd475b40fe,SHA-256 computed from cleaned_audio/CS-26.wav,Amharic-English,,,manual_review,"User-supplied benchmark evidence states transcripts, audio, and audio-transcript alignment were manually reviewed. Reviewer identity, review date, and underlying review logs were not supplied. Benchmark preparation: Ermias.",v1.0,Ermias
CS-27,CS-27.wav,"Batch 2: Emergency, Pediatrics, Endo, Card, Infectious",Cardiology / Emergency,provided_in_ground_truth_sheet,Speaker-04,pending_review,Balanced Mix,provisional_script_share_estimate_requires_human_confirmation,በግራ በኩል የሚሰማውን crushing chest pain እና sweating ስላስተዋልን፣ immediate 12-lead ECG እና troponin test እናድርግ።,"Crushing chest pain, ECG, Troponin",verified_against_audio,Google Sheet 1IQOdmAQxuiU2MgAqCAQ91rG-8TIS3UB_:Sheet1!H33 (normalized_transcript; review_status=verified),verified_present,unknown,unknown,unknown,GROUND_TRUTH_SOURCE.xlsx:Sheet1!K33 review_status=verified (Google Sheet 1IQOdmAQxuiU2MgAqCAQ91rG-8TIS3UB_),,,,,Source speaker_id is supplied; speaker-to-case assignment has not been independently reviewed,GROUND_TRUTH_SOURCE.xlsx:Sheet1!C33; raw_audio/CS-27.wav; cleaned_audio/CS-27.wav,d0c4d6f2877a1bf28224daf81194b713ee8032fcf682f2578f179d6795cd6819,SHA-256 computed from cleaned_audio/CS-27.wav,Amharic-English,,,manual_review,"User-supplied benchmark evidence states transcripts, audio, and audio-transcript alignment were manually reviewed. Reviewer identity, review date, and underlying review logs were not supplied. Benchmark preparation: Ermias.",v1.0,Ermias
CS-28,CS-28.wav,"Batch 2: Emergency, Pediatrics, Endo, Card, Infectious",Infectious Disease / Pulmonology,provided_in_ground_truth_sheet,Speaker-04,pending_review,Balanced Mix,provisional_script_share_estimate_requires_human_confirmation,ለ 4 ሳምንታት የሚቆይ chronic cough,"Chronic cough, TB, GeneXpert",verified_against_audio,Google Sheet 1IQOdmAQxuiU2MgAqCAQ91rG-8TIS3UB_:Sheet1!H34 (normalized_transcript; review_status=verified),verified_present,unknown,unknown,unknown,GROUND_TRUTH_SOURCE.xlsx:Sheet1!K34 review_status=verified (Google Sheet 1IQOdmAQxuiU2MgAqCAQ91rG-8TIS3UB_),,,,,Source speaker_id is supplied; speaker-to-case assignment has not been independently reviewed,GROUND_TRUTH_SOURCE.xlsx:Sheet1!C34; raw_audio/CS-28.wav; cleaned_audio/CS-28.wav,046802482b55141fed21138327a1ef8fedda705bc2edcde700cb6813000cfa44,SHA-256 computed from cleaned_audio/CS-28.wav,Amharic-English,,,manual_review,"User-supplied benchmark evidence states transcripts, audio, and audio-transcript alignment were manually reviewed. Reviewer identity, review date, and underlying review logs were not supplied. Benchmark preparation: Ermias.",v1.0,Ermias
CS-29,CS-29.wav,"Batch 2: Emergency, Pediatrics, Endo, Card, Infectious",Infectious Disease / Tropical Medicine,provided_in_ground_truth_sheet,Speaker-04,pending_review,Balanced Mix,provisional_script_share_estimate_requires_human_confirmation,የሰውነቱ ሙቀት ከፍ ያለ እና intermittent fever ከ chills ጋር ስላለው፣ blood film for malaria parasites እና CBC እናዘዝ።,"Intermittent fever, Chills, Malaria film",verified_against_audio,Google Sheet 1IQOdmAQxuiU2MgAqCAQ91rG-8TIS3UB_:Sheet1!H35 (normalized_transcript; review_status=verified),verified_present,unknown,unknown,unknown,GROUND_TRUTH_SOURCE.xlsx:Sheet1!K35 review_status=verified (Google Sheet 1IQOdmAQxuiU2MgAqCAQ91rG-8TIS3UB_),,,,,Source speaker_id is supplied; speaker-to-case assignment has not been independently reviewed,GROUND_TRUTH_SOURCE.xlsx:Sheet1!C35; raw_audio/CS-29.wav; cleaned_audio/CS-29.wav,3899a994b0da3cb68d961bd310d3d492c801df819042bf9e12983dae4baecc7f,SHA-256 computed from cleaned_audio/CS-29.wav,Amharic-English,,,manual_review,"User-supplied benchmark evidence states transcripts, audio, and audio-transcript alignment were manually reviewed. Reviewer identity, review date, and underlying review logs were not supplied. Benchmark preparation: Ermias.",v1.0,Ermias
CS-30,CS-30.wav,"Batch 2: Emergency, Pediatrics, Endo, Card, Infectious",Pulmonology / Infectious Disease,provided_in_ground_truth_sheet,Speaker-04,pending_review,Mostly English Clinical Terms,provisional_script_share_estimate_requires_human_confirmation,Chest X-ray ላይ consolidation እና crackles ስላሉ Ceftriaxone 1g IV BID እና Azithromycin 500mg PO ጀምርለት።,"Consolidation, Ceftriaxone, Azithromycin",verified_against_audio,Google Sheet 1IQOdmAQxuiU2MgAqCAQ91rG-8TIS3UB_:Sheet1!H36 (normalized_transcript; review_status=verified),verified_present,unknown,unknown,unknown,GROUND_TRUTH_SOURCE.xlsx:Sheet1!K36 review_status=verified (Google Sheet 1IQOdmAQxuiU2MgAqCAQ91rG-8TIS3UB_),,,,,Source speaker_id is supplied; speaker-to-case assignment has not been independently reviewed,GROUND_TRUTH_SOURCE.xlsx:Sheet1!C36; raw_audio/CS-30.wav; cleaned_audio/CS-30.wav,6ada80a018c6ad279574636de186a4281cc0f6e924bcead7e0fe37e448bb54ec,SHA-256 computed from cleaned_audio/CS-30.wav,Amharic-English,,,manual_review,"User-supplied benchmark evidence states transcripts, audio, and audio-transcript alignment were manually reviewed. Reviewer identity, review date, and underlying review logs were not supplied. Benchmark preparation: Ermias.",v1.0,Ermias
CS-31,CS-31.wav,"Batch 3: OBGYN, Derm, Neuro, GI, Outpatient",Obstetrics & Gynecology (OBGYN),provided_in_ground_truth_sheet,Speaker-04,pending_review,Balanced Mix,provisional_script_share_estimate_requires_human_confirmation,"ይህች እናት Gravida 4, Para 3 ስትሆን አሁን በ 38 weeks gestation ላይ regular uterine contractions አሏት።","Gravida 4 Para 3, Gestation, Contractions",verified_against_audio,Google Sheet 1IQOdmAQxuiU2MgAqCAQ91rG-8TIS3UB_:Sheet1!H37 (normalized_transcript; review_status=verified),verified_present,unknown,unknown,unknown,GROUND_TRUTH_SOURCE.xlsx:Sheet1!K37 review_status=verified (Google Sheet 1IQOdmAQxuiU2MgAqCAQ91rG-8TIS3UB_),,,,,Source speaker_id is supplied; speaker-to-case assignment has not been independently reviewed,GROUND_TRUTH_SOURCE.xlsx:Sheet1!C37; raw_audio/CS-31.wav; cleaned_audio/CS-31.wav,4f4155b9acff57e5b24781bff0681f3d5fc3fd05be70d180884ec448b9405f44,SHA-256 computed from cleaned_audio/CS-31.wav,Amharic-English,,,manual_review,"User-supplied benchmark evidence states transcripts, audio, and audio-transcript alignment were manually reviewed. Reviewer identity, review date, and underlying review logs were not supplied. Benchmark preparation: Ermias.",v1.0,Ermias
CS-32,CS-32.wav,"Batch 3: OBGYN, Derm, Neuro, GI, Outpatient",Obstetrics & Gynecology (OBGYN),provided_in_ground_truth_sheet,Speaker-04,pending_review,Mostly English Clinical Terms,provisional_script_share_estimate_requires_human_confirmation,Blood pressure 160/110mmHg እና proteinuria +3 ስለታየ immediate magnesium sulfate protocol እንጀምራለን።,"Preeclampsia, Proteinuria, Magnesium sulfate",verified_against_audio,Google Sheet 1IQOdmAQxuiU2MgAqCAQ91rG-8TIS3UB_:Sheet1!H38 (normalized_transcript; review_status=verified),verified_present,unknown,unknown,unknown,GROUND_TRUTH_SOURCE.xlsx:Sheet1!K38 review_status=verified (Google Sheet 1IQOdmAQxuiU2MgAqCAQ91rG-8TIS3UB_),,,,,Source speaker_id is supplied; speaker-to-case assignment has not been independently reviewed,GROUND_TRUTH_SOURCE.xlsx:Sheet1!C38; raw_audio/CS-32.wav; cleaned_audio/CS-32.wav,820744486bdf9b451d7e0c474035c78da157e056d2fab2d7c73a5c0fa36fe3c3,SHA-256 computed from cleaned_audio/CS-32.wav,Amharic-English,,,manual_review,"User-supplied benchmark evidence states transcripts, audio, and audio-transcript alignment were manually reviewed. Reviewer identity, review date, and underlying review logs were not supplied. Benchmark preparation: Ermias.",v1.0,Ermias
CS-33,CS-33.wav,"Batch 3: OBGYN, Derm, Neuro, GI, Outpatient",Obstetrics & Gynecology (OBGYN),provided_in_ground_truth_sheet,Speaker-04,pending_review,Mostly Amharic,provisional_script_share_estimate_requires_human_confirmation,የማህፀን በር ከፍቱ 8 ሴንቲሜትር ደርሷል፣ membranes ruptured ስለሆኑ፣ ወደ labor ward እናስገባታለን።,"Cervical dilation, Ruptured membranes",verified_against_audio,Google Sheet 1IQOdmAQxuiU2MgAqCAQ91rG-8TIS3UB_:Sheet1!H39 (normalized_transcript; review_status=verified),verified_present,unknown,unknown,unknown,GROUND_TRUTH_SOURCE.xlsx:Sheet1!K39 review_status=verified (Google Sheet 1IQOdmAQxuiU2MgAqCAQ91rG-8TIS3UB_),,,,,Source speaker_id is supplied; speaker-to-case assignment has not been independently reviewed,GROUND_TRUTH_SOURCE.xlsx:Sheet1!C39; raw_audio/CS-33.wav; cleaned_audio/CS-33.wav,3c27f12643a116d50af28468d04aca673f8a53c9f3aae4772ffde935d2cb4a75,SHA-256 computed from cleaned_audio/CS-33.wav,Amharic-English,,,manual_review,"User-supplied benchmark evidence states transcripts, audio, and audio-transcript alignment were manually reviewed. Reviewer identity, review date, and underlying review logs were not supplied. Benchmark preparation: Ermias.",v1.0,Ermias
CS-34,CS-34.wav,"Batch 3: OBGYN, Derm, Neuro, GI, Outpatient",Dermatology / Allergy & Immunology,provided_in_ground_truth_sheet,Speaker-04,pending_review,Balanced Mix,provisional_script_share_estimate_requires_human_confirmation,በመድኃኒት አለርጂ ምክንያት generalized maculopapular rash እና severe pruritus አለው፣ ስለዚህ Ceftriaxone ወዲያውኑ discontinue እንድርግ።,"Drug allergy, Rash, Pruritus",verified_against_audio,Google Sheet 1IQOdmAQxuiU2MgAqCAQ91rG-8TIS3UB_:Sheet1!H40 (normalized_transcript; review_status=verified),verified_present,unknown,unknown,unknown,GROUND_TRUTH_SOURCE.xlsx:Sheet1!K40 review_status=verified (Google Sheet 1IQOdmAQxuiU2MgAqCAQ91rG-8TIS3UB_),,,,,Source speaker_id is supplied; speaker-to-case assignment has not been independently reviewed,GROUND_TRUTH_SOURCE.xlsx:Sheet1!C40; raw_audio/CS-34.wav; cleaned_audio/CS-34.wav,73d0ab0e0879edf46da14ce8eb49fbbc4c65fc6737eeb36221f91695c91ac679,SHA-256 computed from cleaned_audio/CS-34.wav,Amharic-English,,,manual_review,"User-supplied benchmark evidence states transcripts, audio, and audio-transcript alignment were manually reviewed. Reviewer identity, review date, and underlying review logs were not supplied. Benchmark preparation: Ermias.",v1.0,Ermias
CS-35,CS-35.wav,"Batch 3: OBGYN, Derm, Neuro, GI, Outpatient",Allergy & Immunology / Dermatology,provided_in_ground_truth_sheet,Speaker-04,pending_review,Balanced Mix,provisional_script_share_estimate_requires_human_confirmation,የከንፈር ማበጥ (lip swelling) እና urticaria በመላ አካሉ ላይ ስላለ፣ IV Hydrocortisone 100mg እና Chlorpheniramine እንሰጣለን።,"Lip swelling, Urticaria, Hydrocortisone",verified_against_audio,Google Sheet 1IQOdmAQxuiU2MgAqCAQ91rG-8TIS3UB_:Sheet1!H41 (normalized_transcript; review_status=verified),verified_present,unknown,unknown,unknown,GROUND_TRUTH_SOURCE.xlsx:Sheet1!K41 review_status=verified (Google Sheet 1IQOdmAQxuiU2MgAqCAQ91rG-8TIS3UB_),,,,,Source speaker_id is supplied; speaker-to-case assignment has not been independently reviewed,GROUND_TRUTH_SOURCE.xlsx:Sheet1!C41; raw_audio/CS-35.wav; cleaned_audio/CS-35.wav,39017ce922651c42afa029dcb8f7570d696f3a6f77344a4f07d5b2c5cf4a409f,SHA-256 computed from cleaned_audio/CS-35.wav,Amharic-English,,,manual_review,"User-supplied benchmark evidence states transcripts, audio, and audio-transcript alignment were manually reviewed. Reviewer identity, review date, and underlying review logs were not supplied. Benchmark preparation: Ermias.",v1.0,Ermias
CS-36,CS-36.wav,"Batch 3: OBGYN, Derm, Neuro, GI, Outpatient",Neurology / Infectious Disease,provided_in_ground_truth_sheet,Speaker-04,pending_review,Balanced Mix,provisional_script_share_estimate_requires_human_confirmation,ከባድ ራስ ምታት፣ neck stiffness እና photophobia ስላለው Kernig's sign positive ሆኗል፤ ስለዚህ lumbar puncture እናደርጋለን፡፡,"Meningitis, Kernig's sign, Lumbar puncture",verified_against_audio,Google Sheet 1IQOdmAQxuiU2MgAqCAQ91rG-8TIS3UB_:Sheet1!H42 (normalized_transcript; review_status=verified),verified_present,unknown,unknown,unknown,GROUND_TRUTH_SOURCE.xlsx:Sheet1!K42 review_status=verified (Google Sheet 1IQOdmAQxuiU2MgAqCAQ91rG-8TIS3UB_),,,,,Source speaker_id is supplied; speaker-to-case assignment has not been independently reviewed,GROUND_TRUTH_SOURCE.xlsx:Sheet1!C42; raw_audio/CS-36.wav; cleaned_audio/CS-36.wav,dd7de60c79fa04f6674bbde22d1f1cf22a0b9424f8a2a832a05ec5c16a78007e,SHA-256 computed from cleaned_audio/CS-36.wav,Amharic-English,,,manual_review,"User-supplied benchmark evidence states transcripts, audio, and audio-transcript alignment were manually reviewed. Reviewer identity, review date, and underlying review logs were not supplied. Benchmark preparation: Ermias.",v1.0,Ermias
CS-37,CS-37.wav,"Batch 3: OBGYN, Derm, Neuro, GI, Outpatient",Neurology / Stroke Care,provided_in_ground_truth_sheet,Speaker-04,pending_review,Balanced Mix,provisional_script_share_estimate_requires_human_confirmation,የቀኝ እጁ እና እግሩ ድክመት (left hemiparesis) እና slurred speech በአንድ ሰዓት ውስጥ አጋጥሞታል፣ ወዲያውኑ non-contrast brain CT scan እናዘዝ።,"Hemiparesis, Slurred speech, Brain CT",verified_against_audio,Google Sheet 1IQOdmAQxuiU2MgAqCAQ91rG-8TIS3UB_:Sheet1!H43 (normalized_transcript; review_status=verified),verified_present,unknown,unknown,unknown,GROUND_TRUTH_SOURCE.xlsx:Sheet1!K43 review_status=verified (Google Sheet 1IQOdmAQxuiU2MgAqCAQ91rG-8TIS3UB_),,,,,Source speaker_id is supplied; speaker-to-case assignment has not been independently reviewed,GROUND_TRUTH_SOURCE.xlsx:Sheet1!C43; raw_audio/CS-37.wav; cleaned_audio/CS-37.wav,c531b08abbc82d68ed8968a203883a8b9add4aa64a562339e79f2c705a462e32,SHA-256 computed from cleaned_audio/CS-37.wav,Amharic-English,,,manual_review,"User-supplied benchmark evidence states transcripts, audio, and audio-transcript alignment were manually reviewed. Reviewer identity, review date, and underlying review logs were not supplied. Benchmark preparation: Ermias.",v1.0,Ermias
CS-38,CS-38.wav,"Batch 3: OBGYN, Derm, Neuro, GI, Outpatient",General Surgery / Gastroenterology,provided_in_ground_truth_sheet,Speaker-04,pending_review,Mostly English Clinical Terms,provisional_script_share_estimate_requires_human_confirmation,በቀኝ የታችኛው የሆድ ክፍል (right lower quadrant) severe tenderness እና rebound tenderness ስላለ፣ acute appendicitis rule out እንድርግ።,"Right lower quadrant tenderness, Appendicitis",verified_against_audio,Google Sheet 1IQOdmAQxuiU2MgAqCAQ91rG-8TIS3UB_:Sheet1!H44 (normalized_transcript; review_status=verified),verified_present,unknown,unknown,unknown,GROUND_TRUTH_SOURCE.xlsx:Sheet1!K44 review_status=verified (Google Sheet 1IQOdmAQxuiU2MgAqCAQ91rG-8TIS3UB_),,,,,Source speaker_id is supplied; speaker-to-case assignment has not been independently reviewed,GROUND_TRUTH_SOURCE.xlsx:Sheet1!C44; raw_audio/CS-38.wav; cleaned_audio/CS-38.wav,78090b89ca94a82cdbd71b508d09573403bce13c610c6e8ce3046272a49efcf4,SHA-256 computed from cleaned_audio/CS-38.wav,Amharic-English,,,manual_review,"User-supplied benchmark evidence states transcripts, audio, and audio-transcript alignment were manually reviewed. Reviewer identity, review date, and underlying review logs were not supplied. Benchmark preparation: Ermias.",v1.0,Ermias
CS-39,CS-39.wav,"Batch 3: OBGYN, Derm, Neuro, GI, Outpatient",Urology / Nephrology,provided_in_ground_truth_sheet,Speaker-04,pending_review,Mostly English Clinical Terms,provisional_script_share_estimate_requires_human_confirmation,Dysuria እና frequent urination ከ lower back pain ጋር ስላለው urinalysis እና urine culture እናዘዝ።,"Dysuria, Frequent urination, Urinalysis",verified_against_audio,Google Sheet 1IQOdmAQxuiU2MgAqCAQ91rG-8TIS3UB_:Sheet1!H45 (normalized_transcript; review_status=verified),verified_present,unknown,unknown,unknown,GROUND_TRUTH_SOURCE.xlsx:Sheet1!K45 review_status=verified (Google Sheet 1IQOdmAQxuiU2MgAqCAQ91rG-8TIS3UB_),,,,,Source speaker_id is supplied; speaker-to-case assignment has not been independently reviewed,GROUND_TRUTH_SOURCE.xlsx:Sheet1!C45; raw_audio/CS-39.wav; cleaned_audio/CS-39.wav,dc75c3ed52d09fabea86a2ff04d0f43338c450e43ec86ecb6b136b9f17cb2772,SHA-256 computed from cleaned_audio/CS-39.wav,Amharic-English,,,manual_review,"User-supplied benchmark evidence states transcripts, audio, and audio-transcript alignment were manually reviewed. Reviewer identity, review date, and underlying review logs were not supplied. Benchmark preparation: Ermias.",v1.0,Ermias
CS-40,CS-40.wav,"Batch 3: OBGYN, Derm, Neuro, GI, Outpatient",Gastroenterology,provided_in_ground_truth_sheet,Speaker-04,pending_review,Balanced Mix,provisional_script_share_estimate_requires_human_confirmation,ብዙ ጊዜ የሚያስታውከና watery diarrhea ያለው ታካሚ ስለሆነ፣ stool analysis እና IV fluid resuscitation እንጀምራለን፡፡,"Watery diarrhea, Stool analysis, IV fluids",verified_against_audio,Google Sheet 1IQOdmAQxuiU2MgAqCAQ91rG-8TIS3UB_:Sheet1!H46 (normalized_transcript; review_status=verified),verified_present,unknown,unknown,unknown,GROUND_TRUTH_SOURCE.xlsx:Sheet1!K46 review_status=verified (Google Sheet 1IQOdmAQxuiU2MgAqCAQ91rG-8TIS3UB_),,,,,Source speaker_id is supplied; speaker-to-case assignment has not been independently reviewed,GROUND_TRUTH_SOURCE.xlsx:Sheet1!C46; raw_audio/CS-40.wav; cleaned_audio/CS-40.wav,4c49e34262ae04da77be6d958ff7f6163e4725fe25d9d3e9ca412a3fb44a26f0,SHA-256 computed from cleaned_audio/CS-40.wav,Amharic-English,,,manual_review,"User-supplied benchmark evidence states transcripts, audio, and audio-transcript alignment were manually reviewed. Reviewer identity, review date, and underlying review logs were not supplied. Benchmark preparation: Ermias.",v1.0,Ermias
CS-41,CS-41.wav,"Batch 3: OBGYN, Derm, Neuro, GI, Outpatient",Pain Management / Orthopedics,provided_in_ground_truth_sheet,Speaker-04,pending_review,Balanced Mix,provisional_script_share_estimate_requires_human_confirmation,Chronic back pain ስላለው Tramadol 50mg PO BID ለ 5 ቀናት ብቻ አዘዝኩለት።,"Chronic back pain, Tramadol",verified_against_audio,Google Sheet 1IQOdmAQxuiU2MgAqCAQ91rG-8TIS3UB_:Sheet1!H47 (normalized_transcript; review_status=verified),verified_present,unknown,unknown,unknown,GROUND_TRUTH_SOURCE.xlsx:Sheet1!K47 review_status=verified (Google Sheet 1IQOdmAQxuiU2MgAqCAQ91rG-8TIS3UB_),,,,,Source speaker_id is supplied; speaker-to-case assignment has not been independently reviewed,GROUND_TRUTH_SOURCE.xlsx:Sheet1!C47; raw_audio/CS-41.wav; cleaned_audio/CS-41.wav,b8d611c3bf3f7f31e03e5c26d545b7f096a792bb38d78b5484e35004f3ebcc7e,SHA-256 computed from cleaned_audio/CS-41.wav,Amharic-English,,,manual_review,"User-supplied benchmark evidence states transcripts, audio, and audio-transcript alignment were manually reviewed. Reviewer identity, review date, and underlying review logs were not supplied. Benchmark preparation: Ermias.",v1.0,Ermias
CS-42,CS-42.wav,"Batch 3: OBGYN, Derm, Neuro, GI, Outpatient",Gastroenterology,provided_in_ground_truth_sheet,Speaker-04,pending_review,Balanced Mix,provisional_script_share_estimate_requires_human_confirmation,Gastritis እና heartburn ስላለው Omeprazole 20mg PO daily ከbreakfast በፊት 30 ደቂቃ እንዲወስድ እናዘዛለን።,"Gastritis, Heartburn, Omeprazole",verified_against_audio,Google Sheet 1IQOdmAQxuiU2MgAqCAQ91rG-8TIS3UB_:Sheet1!H48 (normalized_transcript; review_status=verified),verified_present,unknown,unknown,unknown,GROUND_TRUTH_SOURCE.xlsx:Sheet1!K48 review_status=verified (Google Sheet 1IQOdmAQxuiU2MgAqCAQ91rG-8TIS3UB_),,,,,Source speaker_id is supplied; speaker-to-case assignment has not been independently reviewed,GROUND_TRUTH_SOURCE.xlsx:Sheet1!C48; raw_audio/CS-42.wav; cleaned_audio/CS-42.wav,3303024195ede0a50636e11495d7bab470526304df9e13113ac0bcbe90929c9e,SHA-256 computed from cleaned_audio/CS-42.wav,Amharic-English,,,manual_review,"User-supplied benchmark evidence states transcripts, audio, and audio-transcript alignment were manually reviewed. Reviewer identity, review date, and underlying review logs were not supplied. Benchmark preparation: Ermias.",v1.0,Ermias
CS-43,CS-43.wav,"Batch 3: OBGYN, Derm, Neuro, GI, Outpatient",Rheumatology / Orthopedics,provided_in_ground_truth_sheet,Speaker-04,pending_review,Balanced Mix,provisional_script_share_estimate_requires_human_confirmation,የ Knee መገጣጠሚያ ጉዳት እና swelling ስላለው Ibuprofen 400mg PO TID ከምግብ በኋላ አብሮ ከ Omeprazole ጋር እንሰጣለን።,"Joint swelling, Ibuprofen, Omeprazole",verified_against_audio,Google Sheet 1IQOdmAQxuiU2MgAqCAQ91rG-8TIS3UB_:Sheet1!H49 (normalized_transcript; review_status=verified),verified_present,unknown,unknown,unknown,GROUND_TRUTH_SOURCE.xlsx:Sheet1!K49 review_status=verified (Google Sheet 1IQOdmAQxuiU2MgAqCAQ91rG-8TIS3UB_),,,,,Source speaker_id is supplied; speaker-to-case assignment has not been independently reviewed,GROUND_TRUTH_SOURCE.xlsx:Sheet1!C49; raw_audio/CS-43.wav; cleaned_audio/CS-43.wav,0d62881e24d02b4e35012b1fe815328a2ad1189e5132329d557e4ca3c30ed006,SHA-256 computed from cleaned_audio/CS-43.wav,Amharic-English,,,manual_review,"User-supplied benchmark evidence states transcripts, audio, and audio-transcript alignment were manually reviewed. Reviewer identity, review date, and underlying review logs were not supplied. Benchmark preparation: Ermias.",v1.0,Ermias
CS-44,CS-44.wav,"Batch 3: OBGYN, Derm, Neuro, GI, Outpatient",ENT / Allergy,provided_in_ground_truth_sheet,Speaker-04,pending_review,Balanced Mix,provisional_script_share_estimate_requires_human_confirmation,የአፍንጫ ማሳከክ፣ sneezing እና watery discharge ባለበት ታካሚ ላይ Cetirizine 10mg PO daily እናዘዝ።,"Allergic rhinitis, Cetirizine",verified_against_audio,Google Sheet 1IQOdmAQxuiU2MgAqCAQ91rG-8TIS3UB_:Sheet1!H50 (normalized_transcript; review_status=verified),verified_present,unknown,unknown,unknown,GROUND_TRUTH_SOURCE.xlsx:Sheet1!K50 review_status=verified (Google Sheet 1IQOdmAQxuiU2MgAqCAQ91rG-8TIS3UB_),,,,,Source speaker_id is supplied; speaker-to-case assignment has not been independently reviewed,GROUND_TRUTH_SOURCE.xlsx:Sheet1!C50; raw_audio/CS-44.wav; cleaned_audio/CS-44.wav,a32966715b6e1ee9d7e92abc5132bfc83d8dfb3f7dec6c4287c75f59582282b8,SHA-256 computed from cleaned_audio/CS-44.wav,Amharic-English,,,manual_review,"User-supplied benchmark evidence states transcripts, audio, and audio-transcript alignment were manually reviewed. Reviewer identity, review date, and underlying review logs were not supplied. Benchmark preparation: Ermias.",v1.0,Ermias
CS-45,CS-45.wav,"Batch 3: OBGYN, Derm, Neuro, GI, Outpatient",Hematology,provided_in_ground_truth_sheet,Speaker-04,pending_review,Balanced Mix,provisional_script_share_estimate_requires_human_confirmation,የደም ማነስ (anemia) ምልክቶች እና pale conjunctiva ስለታየበት Ferrous Sulfate 200mg PO TID ከ Vitamin C ጋር እናዘዝ።,"Anemia, Pale conjunctiva, Ferrous sulfate",verified_against_audio,Google Sheet 1IQOdmAQxuiU2MgAqCAQ91rG-8TIS3UB_:Sheet1!H51 (normalized_transcript; review_status=verified),verified_present,unknown,unknown,unknown,GROUND_TRUTH_SOURCE.xlsx:Sheet1!K51 review_status=verified (Google Sheet 1IQOdmAQxuiU2MgAqCAQ91rG-8TIS3UB_),,,,,Source speaker_id is supplied; speaker-to-case assignment has not been independently reviewed,GROUND_TRUTH_SOURCE.xlsx:Sheet1!C51; raw_audio/CS-45.wav; cleaned_audio/CS-45.wav,9b3dbe4ed3ed50237b8ba059a0cb59de6e8e271fe3dd33f0d28af0288735d9b7,SHA-256 computed from cleaned_audio/CS-45.wav,Amharic-English,,,manual_review,"User-supplied benchmark evidence states transcripts, audio, and audio-transcript alignment were manually reviewed. Reviewer identity, review date, and underlying review logs were not supplied. Benchmark preparation: Ermias.",v1.0,Ermias
CS-46,CS-46.wav,"Batch 4: Psychiatry, Ortho, Ophthalmology, ENT, Oncology, Emergency",Psychiatry,provided_in_ground_truth_sheet,Speaker-04,pending_review,Balanced Mix,provisional_script_share_estimate_requires_human_confirmation,ታካሚው ባለፉት ሁለት ሳምንታት ውስጥ depressed mood,"Depression, Insomnia, PHQ-9",verified_against_audio,Google Sheet 1IQOdmAQxuiU2MgAqCAQ91rG-8TIS3UB_:Sheet1!H52 (normalized_transcript; review_status=verified),verified_present,unknown,unknown,unknown,GROUND_TRUTH_SOURCE.xlsx:Sheet1!K52 review_status=verified (Google Sheet 1IQOdmAQxuiU2MgAqCAQ91rG-8TIS3UB_),,,,,Source speaker_id is supplied; speaker-to-case assignment has not been independently reviewed,GROUND_TRUTH_SOURCE.xlsx:Sheet1!C52; raw_audio/CS-46.wav; cleaned_audio/CS-46.wav,088bef7924bdefc7f093ed275f177bd0fa1acdc41bcf2381b123a0681ad8128b,SHA-256 computed from cleaned_audio/CS-46.wav,Amharic-English,,,manual_review,"User-supplied benchmark evidence states transcripts, audio, and audio-transcript alignment were manually reviewed. Reviewer identity, review date, and underlying review logs were not supplied. Benchmark preparation: Ermias.",v1.0,Ermias
CS-47,CS-47.wav,"Batch 4: Psychiatry, Ortho, Ophthalmology, ENT, Oncology, Emergency",Psychiatry / Emergency,provided_in_ground_truth_sheet,Speaker-04,pending_review,Mostly English Clinical Terms,provisional_script_share_estimate_requires_human_confirmation,Acute anxiety ከ palpitation,"Anxiety, Panic attack, Lorazepam",verified_against_audio,Google Sheet 1IQOdmAQxuiU2MgAqCAQ91rG-8TIS3UB_:Sheet1!H53 (normalized_transcript; review_status=verified),verified_present,unknown,unknown,unknown,GROUND_TRUTH_SOURCE.xlsx:Sheet1!K53 review_status=verified (Google Sheet 1IQOdmAQxuiU2MgAqCAQ91rG-8TIS3UB_),,,,,Source speaker_id is supplied; speaker-to-case assignment has not been independently reviewed,GROUND_TRUTH_SOURCE.xlsx:Sheet1!C53; raw_audio/CS-47.wav; cleaned_audio/CS-47.wav,defb1971891a28e1ac8341b463f1017830906fe3d54f36539248d5f07f6d12de,SHA-256 computed from cleaned_audio/CS-47.wav,Amharic-English,,,manual_review,"User-supplied benchmark evidence states transcripts, audio, and audio-transcript alignment were manually reviewed. Reviewer identity, review date, and underlying review logs were not supplied. Benchmark preparation: Ermias.",v1.0,Ermias
CS-48,CS-48.wav,"Batch 4: Psychiatry, Ortho, Ophthalmology, ENT, Oncology, Emergency",Orthopedics / Trauma,provided_in_ground_truth_sheet,Speaker-04,pending_review,Mostly English Clinical Terms,provisional_script_share_estimate_requires_human_confirmation,የቀኝ እግር tibia shaft fracture ስላለበት፣ closed reduction አድርገን above-knee plaster cast እናድርግ።,"Tibia fracture, Reduction, Plaster cast",verified_against_audio,Google Sheet 1IQOdmAQxuiU2MgAqCAQ91rG-8TIS3UB_:Sheet1!H54 (normalized_transcript; review_status=verified),verified_present,unknown,unknown,unknown,GROUND_TRUTH_SOURCE.xlsx:Sheet1!K54 review_status=verified (Google Sheet 1IQOdmAQxuiU2MgAqCAQ91rG-8TIS3UB_),,,,,Source speaker_id is supplied; speaker-to-case assignment has not been independently reviewed,GROUND_TRUTH_SOURCE.xlsx:Sheet1!C54; raw_audio/CS-48.wav; cleaned_audio/CS-48.wav,a06e32e90479b8c078c5d3f4c678fb50c4819cfbebdc357d11e75e9fd1db96fb,SHA-256 computed from cleaned_audio/CS-48.wav,Amharic-English,,,manual_review,"User-supplied benchmark evidence states transcripts, audio, and audio-transcript alignment were manually reviewed. Reviewer identity, review date, and underlying review logs were not supplied. Benchmark preparation: Ermias.",v1.0,Ermias
CS-49,CS-49.wav,"Batch 4: Psychiatry, Ortho, Ophthalmology, ENT, Oncology, Emergency",Ophthalmology / Emergency,provided_in_ground_truth_sheet,Speaker-04,pending_review,Mostly English Clinical Terms,provisional_script_share_estimate_requires_human_confirmation,Acute glaucoma ስላለ severe ocular pain,"Acute glaucoma, Ocular pain, Timolol",verified_against_audio,Google Sheet 1IQOdmAQxuiU2MgAqCAQ91rG-8TIS3UB_:Sheet1!H55 (normalized_transcript; review_status=verified),verified_present,unknown,unknown,unknown,GROUND_TRUTH_SOURCE.xlsx:Sheet1!K55 review_status=verified (Google Sheet 1IQOdmAQxuiU2MgAqCAQ91rG-8TIS3UB_),,,,,Source speaker_id is supplied; speaker-to-case assignment has not been independently reviewed,GROUND_TRUTH_SOURCE.xlsx:Sheet1!C55; raw_audio/CS-49.wav; cleaned_audio/CS-49.wav,c8374a6a186c0bebf89bf02b113773e31aed84ef584ad227e1b3182acd1be6b4,SHA-256 computed from cleaned_audio/CS-49.wav,Amharic-English,,,manual_review,"User-supplied benchmark evidence states transcripts, audio, and audio-transcript alignment were manually reviewed. Reviewer identity, review date, and underlying review logs were not supplied. Benchmark preparation: Ermias.",v1.0,Ermias
CS-50,CS-50.wav,"Batch 4: Psychiatry, Ortho, Ophthalmology, ENT, Oncology, Emergency",Pediatric ENT,provided_in_ground_truth_sheet,Speaker-04,pending_review,Balanced Mix,provisional_script_share_estimate_requires_human_confirmation,የቀኝ earache እና otorrhea ባለበት ህፃን ላይ Amoxicillin-Clavulanate suspension 400mg PO BID ለ 10 ቀናት እናዘዛለን።,"Otitis media, Otorrhea, Antibiotics",verified_against_audio,Google Sheet 1IQOdmAQxuiU2MgAqCAQ91rG-8TIS3UB_:Sheet1!H56 (normalized_transcript; review_status=verified),verified_present,unknown,unknown,unknown,GROUND_TRUTH_SOURCE.xlsx:Sheet1!K56 review_status=verified (Google Sheet 1IQOdmAQxuiU2MgAqCAQ91rG-8TIS3UB_),,,,,Source speaker_id is supplied; speaker-to-case assignment has not been independently reviewed,GROUND_TRUTH_SOURCE.xlsx:Sheet1!C56; raw_audio/CS-50.wav; cleaned_audio/CS-50.wav,2bc82ba0ab4b212f3aa8e004843bbc97e15450e74343f07afcc95d0d673b1dd1,SHA-256 computed from cleaned_audio/CS-50.wav,Amharic-English,,,manual_review,"User-supplied benchmark evidence states transcripts, audio, and audio-transcript alignment were manually reviewed. Reviewer identity, review date, and underlying review logs were not supplied. Benchmark preparation: Ermias.",v1.0,Ermias
CS-51,CS-51.wav,"Batch 4: Psychiatry, Ortho, Ophthalmology, ENT, Oncology, Emergency",Nephrology,provided_in_ground_truth_sheet,Speaker-04,pending_review,Balanced Mix,provisional_script_share_estimate_requires_human_confirmation,የታካሚው serum creatinine እና BUN እያደጉ ስለመጡ፣ estimated GFR calculate አድርገን nephrology consultation እንጠይቃለን።,"Elevated creatinine, BUN, GFR",verified_against_audio,Google Sheet 1IQOdmAQxuiU2MgAqCAQ91rG-8TIS3UB_:Sheet1!H57 (normalized_transcript; review_status=verified),verified_present,unknown,unknown,unknown,GROUND_TRUTH_SOURCE.xlsx:Sheet1!K57 review_status=verified (Google Sheet 1IQOdmAQxuiU2MgAqCAQ91rG-8TIS3UB_),,,,,Source speaker_id is supplied; speaker-to-case assignment has not been independently reviewed,GROUND_TRUTH_SOURCE.xlsx:Sheet1!C57; raw_audio/CS-51.wav; cleaned_audio/CS-51.wav,694811ee806aff225f362f3e6c350bde94d18b2cfc1cacdaf3058708ee5817ba,SHA-256 computed from cleaned_audio/CS-51.wav,Amharic-English,,,manual_review,"User-supplied benchmark evidence states transcripts, audio, and audio-transcript alignment were manually reviewed. Reviewer identity, review date, and underlying review logs were not supplied. Benchmark preparation: Ermias.",v1.0,Ermias
CS-52,CS-52.wav,"Batch 4: Psychiatry, Ortho, Ophthalmology, ENT, Oncology, Emergency",Oncology / Gastroenterology,provided_in_ground_truth_sheet,Speaker-04,pending_review,Mostly English Clinical Terms,provisional_script_share_estimate_requires_human_confirmation,ከሁለተኛው ዙር chemotherapy በኋላ severe nausea እና vomiting ስላለው፣ Ondansetron 8mg IV slow push እንሰጣለን፡፡,"Chemotherapy-induced nausea, Ondansetron",verified_against_audio,Google Sheet 1IQOdmAQxuiU2MgAqCAQ91rG-8TIS3UB_:Sheet1!H58 (normalized_transcript; review_status=verified),verified_present,unknown,unknown,unknown,GROUND_TRUTH_SOURCE.xlsx:Sheet1!K58 review_status=verified (Google Sheet 1IQOdmAQxuiU2MgAqCAQ91rG-8TIS3UB_),,,,,Source speaker_id is supplied; speaker-to-case assignment has not been independently reviewed,GROUND_TRUTH_SOURCE.xlsx:Sheet1!C58; raw_audio/CS-52.wav; cleaned_audio/CS-52.wav,e27cd8ef3ff80333c09badb2c8f1e02d23c660c27a1ae2f99851d9cf0e0bd53f,SHA-256 computed from cleaned_audio/CS-52.wav,Amharic-English,,,manual_review,"User-supplied benchmark evidence states transcripts, audio, and audio-transcript alignment were manually reviewed. Reviewer identity, review date, and underlying review logs were not supplied. Benchmark preparation: Ermias.",v1.0,Ermias
CS-53,CS-53.wav,"Batch 4: Psychiatry, Ortho, Ophthalmology, ENT, Oncology, Emergency",Geriatrics / Orthopedics,provided_in_ground_truth_sheet,Speaker-04,pending_review,Balanced Mix,provisional_script_share_estimate_requires_human_confirmation,የ 78 ዓመት አዛውንት በቤት ውስጥ ስለወደቁ፣ hip X-ray order አድርገን neurological status check እንከታተላለን፡፡,"Geriatric fall, Hip X-ray",verified_against_audio,Google Sheet 1IQOdmAQxuiU2MgAqCAQ91rG-8TIS3UB_:Sheet1!H59 (normalized_transcript; review_status=verified),verified_present,unknown,unknown,unknown,GROUND_TRUTH_SOURCE.xlsx:Sheet1!K59 review_status=verified (Google Sheet 1IQOdmAQxuiU2MgAqCAQ91rG-8TIS3UB_),,,,,Source speaker_id is supplied; speaker-to-case assignment has not been independently reviewed,GROUND_TRUTH_SOURCE.xlsx:Sheet1!C59; raw_audio/CS-53.wav; cleaned_audio/CS-53.wav,816f945a70b88c65d51874d9bbbea59da91b9e60b976a5dc66d3df9e1d4752b4,SHA-256 computed from cleaned_audio/CS-53.wav,Amharic-English,,,manual_review,"User-supplied benchmark evidence states transcripts, audio, and audio-transcript alignment were manually reviewed. Reviewer identity, review date, and underlying review logs were not supplied. Benchmark preparation: Ermias.",v1.0,Ermias
CS-54,CS-54.wav,"Batch 4: Psychiatry, Ortho, Ophthalmology, ENT, Oncology, Emergency",General Surgery / Infectious Disease,provided_in_ground_truth_sheet,Speaker-04,pending_review,Balanced Mix,provisional_script_share_estimate_requires_human_confirmation,ከቀዶ ጥገናው በኋላ በቁስሉ አካባቢ redness,"Surgical site infection, Wound swab",verified_against_audio,Google Sheet 1IQOdmAQxuiU2MgAqCAQ91rG-8TIS3UB_:Sheet1!H60 (normalized_transcript; review_status=verified),verified_present,unknown,unknown,unknown,GROUND_TRUTH_SOURCE.xlsx:Sheet1!K60 review_status=verified (Google Sheet 1IQOdmAQxuiU2MgAqCAQ91rG-8TIS3UB_),,,,,Source speaker_id is supplied; speaker-to-case assignment has not been independently reviewed,GROUND_TRUTH_SOURCE.xlsx:Sheet1!C60; raw_audio/CS-54.wav; cleaned_audio/CS-54.wav,9aaa6313d4fd09ffa0370444d269c5bd85eddd9ad1c33982b2d79179564aea2e,SHA-256 computed from cleaned_audio/CS-54.wav,Amharic-English,,,manual_review,"User-supplied benchmark evidence states transcripts, audio, and audio-transcript alignment were manually reviewed. Reviewer identity, review date, and underlying review logs were not supplied. Benchmark preparation: Ermias.",v1.0,Ermias
CS-55,CS-55.wav,"Batch 4: Psychiatry, Ortho, Ophthalmology, ENT, Oncology, Emergency",Pulmonology / Emergency,provided_in_ground_truth_sheet,Speaker-04,pending_review,Balanced Mix,provisional_script_share_estimate_requires_human_confirmation,Acute bronchospasm እና severe wheezing ስላለው Salbutamol nebulization ከ Ipratropium bromide ጋር በአስቸኳይ እንጀምራለን።,"Bronchospasm, Wheezing, Nebulization",verified_against_audio,Google Sheet 1IQOdmAQxuiU2MgAqCAQ91rG-8TIS3UB_:Sheet1!H61 (normalized_transcript; review_status=verified),verified_present,unknown,unknown,unknown,GROUND_TRUTH_SOURCE.xlsx:Sheet1!K61 review_status=verified (Google Sheet 1IQOdmAQxuiU2MgAqCAQ91rG-8TIS3UB_),,,,,Source speaker_id is supplied; speaker-to-case assignment has not been independently reviewed,GROUND_TRUTH_SOURCE.xlsx:Sheet1!C61; raw_audio/CS-55.wav; cleaned_audio/CS-55.wav,94936eaf59c55bb07e5b5d5872efc00ed0ace87e157c9960dd73531b53846bf5,SHA-256 computed from cleaned_audio/CS-55.wav,Amharic-English,,,manual_review,"User-supplied benchmark evidence states transcripts, audio, and audio-transcript alignment were manually reviewed. Reviewer identity, review date, and underlying review logs were not supplied. Benchmark preparation: Ermias.",v1.0,Ermias
CS-56,CS-56.wav,"Batch 4: Psychiatry, Ortho, Ophthalmology, ENT, Oncology, Emergency",Cardiology,provided_in_ground_truth_sheet,Speaker-04,pending_review,Mostly English Clinical Terms,provisional_script_share_estimate_requires_human_confirmation,Irregular pulse እና irregularly irregular rhythm ECG ላይ ስለታየ Metoprolol 50mg PO BID ለ rate control እንጀምራለን።,"Atrial fibrillation, Metoprolol",verified_against_audio,Google Sheet 1IQOdmAQxuiU2MgAqCAQ91rG-8TIS3UB_:Sheet1!H62 (normalized_transcript; review_status=verified),verified_present,unknown,unknown,unknown,GROUND_TRUTH_SOURCE.xlsx:Sheet1!K62 review_status=verified (Google Sheet 1IQOdmAQxuiU2MgAqCAQ91rG-8TIS3UB_),,,,,Source speaker_id is supplied; speaker-to-case assignment has not been independently reviewed,GROUND_TRUTH_SOURCE.xlsx:Sheet1!C62; raw_audio/CS-56.wav; cleaned_audio/CS-56.wav,5c60e197d7d9da0e0bd6433610df589447d129f2db0cc48a1d22c748774852ec,SHA-256 computed from cleaned_audio/CS-56.wav,Amharic-English,,,manual_review,"User-supplied benchmark evidence states transcripts, audio, and audio-transcript alignment were manually reviewed. Reviewer identity, review date, and underlying review logs were not supplied. Benchmark preparation: Ermias.",v1.0,Ermias
CS-57,CS-57.wav,"Batch 4: Psychiatry, Ortho, Ophthalmology, ENT, Oncology, Emergency",Neurology,provided_in_ground_truth_sheet,Speaker-04,pending_review,Mostly English Clinical Terms,provisional_script_share_estimate_requires_human_confirmation,Unilateral throbbing headache ከ nausea እና photophobia ጋር ስላለው Sumatriptan 50mg PO as needed for acute attack እናዘዝ።,"Migraine, Sumatriptan",verified_against_audio,Google Sheet 1IQOdmAQxuiU2MgAqCAQ91rG-8TIS3UB_:Sheet1!H63 (normalized_transcript; review_status=verified),verified_present,unknown,unknown,unknown,GROUND_TRUTH_SOURCE.xlsx:Sheet1!K63 review_status=verified (Google Sheet 1IQOdmAQxuiU2MgAqCAQ91rG-8TIS3UB_),,,,,Source speaker_id is supplied; speaker-to-case assignment has not been independently reviewed,GROUND_TRUTH_SOURCE.xlsx:Sheet1!C63; raw_audio/CS-57.wav; cleaned_audio/CS-57.wav,1097a8c4a4dcb1ae24291f795603553eee58a9ac7e766ac2b055bc8f28bac0e9,SHA-256 computed from cleaned_audio/CS-57.wav,Amharic-English,,,manual_review,"User-supplied benchmark evidence states transcripts, audio, and audio-transcript alignment were manually reviewed. Reviewer identity, review date, and underlying review logs were not supplied. Benchmark preparation: Ermias.",v1.0,Ermias
CS-58,CS-58.wav,"Batch 4: Psychiatry, Ortho, Ophthalmology, ENT, Oncology, Emergency",Endocrinology,provided_in_ground_truth_sheet,Speaker-04,pending_review,Balanced Mix,provisional_script_share_estimate_requires_human_confirmation,የክብደት መጨመር፣ cold intolerance እና dry skin ስላለው፣ Levothyroxine dosage adjust ለማድረግ TSH እና free T4 እናዘዝ።,"Hypothyroidism, Levothyroxine, TSH",verified_against_audio,Google Sheet 1IQOdmAQxuiU2MgAqCAQ91rG-8TIS3UB_:Sheet1!H64 (normalized_transcript; review_status=verified),verified_present,unknown,unknown,unknown,GROUND_TRUTH_SOURCE.xlsx:Sheet1!K64 review_status=verified (Google Sheet 1IQOdmAQxuiU2MgAqCAQ91rG-8TIS3UB_),,,,,Source speaker_id is supplied; speaker-to-case assignment has not been independently reviewed,GROUND_TRUTH_SOURCE.xlsx:Sheet1!C64; raw_audio/CS-58.wav; cleaned_audio/CS-58.wav,1b9628901568d167179925c1464852c633e42eab2fd21e81a4bbfe1b533a94fd,SHA-256 computed from cleaned_audio/CS-58.wav,Amharic-English,,,manual_review,"User-supplied benchmark evidence states transcripts, audio, and audio-transcript alignment were manually reviewed. Reviewer identity, review date, and underlying review logs were not supplied. Benchmark preparation: Ermias.",v1.0,Ermias
CS-59,CS-59.wav,"Batch 4: Psychiatry, Ortho, Ophthalmology, ENT, Oncology, Emergency",Critical Care / Infectious Disease,provided_in_ground_truth_sheet,Speaker-04,pending_review,Mostly English Clinical Terms,provisional_script_share_estimate_requires_human_confirmation,Hypotension እና tachycardia ስላለው immediate blood cultures ተቀብጠን IV broad-spectrum antibiotics እና 30ml/kg fluid bolus እንጀምራለን።,"Sepsis, Hypotension, Fluid bolus",verified_against_audio,Google Sheet 1IQOdmAQxuiU2MgAqCAQ91rG-8TIS3UB_:Sheet1!H65 (normalized_transcript; review_status=verified),verified_present,unknown,unknown,unknown,GROUND_TRUTH_SOURCE.xlsx:Sheet1!K65 review_status=verified (Google Sheet 1IQOdmAQxuiU2MgAqCAQ91rG-8TIS3UB_),,,,,Source speaker_id is supplied; speaker-to-case assignment has not been independently reviewed,GROUND_TRUTH_SOURCE.xlsx:Sheet1!C65; raw_audio/CS-59.wav; cleaned_audio/CS-59.wav,841a332b2e83f7b5cd2261459cb9ee0ac1a55222f44629d0bd85a2c40429a377,SHA-256 computed from cleaned_audio/CS-59.wav,Amharic-English,,,manual_review,"User-supplied benchmark evidence states transcripts, audio, and audio-transcript alignment were manually reviewed. Reviewer identity, review date, and underlying review logs were not supplied. Benchmark preparation: Ermias.",v1.0,Ermias
CS-60,CS-60.wav,"Batch 4: Psychiatry, Ortho, Ophthalmology, ENT, Oncology, Emergency",Trauma / Critical Care,provided_in_ground_truth_sheet,Speaker-04,pending_review,Mostly English Clinical Terms,provisional_script_share_estimate_requires_human_confirmation,Total body surface area second-degree burn injury ስላለው Parkland formula በመጠቀም IV Ringer's Lactate resuscitation እና calculated analgesia እንጀምራለን።,"Burn injury, Parkland formula, Resuscitation",verified_against_audio,Google Sheet 1IQOdmAQxuiU2MgAqCAQ91rG-8TIS3UB_:Sheet1!H66 (normalized_transcript; review_status=verified),verified_present,unknown,unknown,unknown,GROUND_TRUTH_SOURCE.xlsx:Sheet1!K66 review_status=verified (Google Sheet 1IQOdmAQxuiU2MgAqCAQ91rG-8TIS3UB_),,,,,Source speaker_id is supplied; speaker-to-case assignment has not been independently reviewed,GROUND_TRUTH_SOURCE.xlsx:Sheet1!C66; raw_audio/CS-60.wav; cleaned_audio/CS-60.wav,85ae95923f9ac2061f59ec3b41ee50a898dbca9067b4992a4f18430fa058fd45,SHA-256 computed from cleaned_audio/CS-60.wav,Amharic-English,,,manual_review,"User-supplied benchmark evidence states transcripts, audio, and audio-transcript alignment were manually reviewed. Reviewer identity, review date, and underlying review logs were not supplied. Benchmark preparation: Ermias.",v1.0,Ermias
CS-61,CS-61.wav,"Batch 5: Tropical Diseases, Rheumatology & Pulmonology",Tropical Medicine / Infectious Disease,provided_in_ground_truth_sheet,Speaker-02,pending_review,Mostly English Clinical Terms,provisional_script_share_estimate_requires_human_confirmation,ታካሚው ለ 7 ቀናት የሚቆይ high fever,"Dengue fever, Arthralgia, Retro-orbital pain",verified_against_audio,Google Sheet 1IQOdmAQxuiU2MgAqCAQ91rG-8TIS3UB_:Sheet1!H67 (normalized_transcript; review_status=verified),verified_present,unknown,unknown,unknown,GROUND_TRUTH_SOURCE.xlsx:Sheet1!K67 review_status=verified (Google Sheet 1IQOdmAQxuiU2MgAqCAQ91rG-8TIS3UB_),,,,,Source speaker_id is supplied; speaker-to-case assignment has not been independently reviewed,GROUND_TRUTH_SOURCE.xlsx:Sheet1!C67; raw_audio/CS-61.wav; cleaned_audio/CS-61.wav,aa5dd3e3e1d755e64adcbabfd7404057c9126a83fec44b74eb1d3f889039df32,SHA-256 computed from cleaned_audio/CS-61.wav,Amharic-English,,,manual_review,"User-supplied benchmark evidence states transcripts, audio, and audio-transcript alignment were manually reviewed. Reviewer identity, review date, and underlying review logs were not supplied. Benchmark preparation: Ermias.",v1.0,Ermias
CS-62,CS-62.wav,"Batch 5: Tropical Diseases, Rheumatology & Pulmonology",Rheumatology / Infectious Disease,provided_in_ground_truth_sheet,Speaker-02,pending_review,Mostly English Clinical Terms,provisional_script_share_estimate_requires_human_confirmation,በግራ ጉልበቱ ላይ acute swelling,"Septic arthritis, Joint aspiration",verified_against_audio,Google Sheet 1IQOdmAQxuiU2MgAqCAQ91rG-8TIS3UB_:Sheet1!H68 (normalized_transcript; review_status=verified),verified_present,unknown,unknown,unknown,GROUND_TRUTH_SOURCE.xlsx:Sheet1!K68 review_status=verified (Google Sheet 1IQOdmAQxuiU2MgAqCAQ91rG-8TIS3UB_),,,,,Source speaker_id is supplied; speaker-to-case assignment has not been independently reviewed,GROUND_TRUTH_SOURCE.xlsx:Sheet1!C68; raw_audio/CS-62.wav; cleaned_audio/CS-62.wav,88f2e98f29ff26fe9312d4511c445faf11ba2e5b99927879d39036f10638d97d,SHA-256 computed from cleaned_audio/CS-62.wav,Amharic-English,,,manual_review,"User-supplied benchmark evidence states transcripts, audio, and audio-transcript alignment were manually reviewed. Reviewer identity, review date, and underlying review logs were not supplied. Benchmark preparation: Ermias.",v1.0,Ermias
CS-63,CS-63.wav,"Batch 5: Tropical Diseases, Rheumatology & Pulmonology",Dermatology / Tropical Medicine,provided_in_ground_truth_sheet,Speaker-02,pending_review,Mostly English Clinical Terms,provisional_script_share_estimate_requires_human_confirmation,የተቃጠለ ወይም የደነዘዘ የቆዳ ቁስል (hypopigmented patch with sensory loss) ስላለው፣ leprosy (Hansen's disease) suspect አድርገን skin slit smear እንልካለን።,"Leprosy, Skin slit smear",verified_against_audio,Google Sheet 1IQOdmAQxuiU2MgAqCAQ91rG-8TIS3UB_:Sheet1!H69 (normalized_transcript; review_status=verified),verified_present,unknown,unknown,unknown,GROUND_TRUTH_SOURCE.xlsx:Sheet1!K69 review_status=verified (Google Sheet 1IQOdmAQxuiU2MgAqCAQ91rG-8TIS3UB_),,,,,Source speaker_id is supplied; speaker-to-case assignment has not been independently reviewed,GROUND_TRUTH_SOURCE.xlsx:Sheet1!C69; raw_audio/CS-63.wav; cleaned_audio/CS-63.wav,fcd5882d433db2457d96b005a7d61ff490d779ea235d547caae7b99d1ccb4c0f,SHA-256 computed from cleaned_audio/CS-63.wav,Amharic-English,,,manual_review,"User-supplied benchmark evidence states transcripts, audio, and audio-transcript alignment were manually reviewed. Reviewer identity, review date, and underlying review logs were not supplied. Benchmark preparation: Ermias.",v1.0,Ermias
CS-64,CS-64.wav,"Batch 5: Tropical Diseases, Rheumatology & Pulmonology",Pulmonology,provided_in_ground_truth_sheet,Speaker-02,pending_review,Mostly English Clinical Terms,provisional_script_share_estimate_requires_human_confirmation,ለወራት የቆየ dry cough እና progressive shortness of breath በ exertion ስላለው፣ high-resolution computed tomography (HRCT) chest እና pulmonary function test order እናድርግ።,"HRCT chest, Dyspnea on exertion",verified_against_audio,Google Sheet 1IQOdmAQxuiU2MgAqCAQ91rG-8TIS3UB_:Sheet1!H70 (normalized_transcript; review_status=verified),verified_present,unknown,unknown,unknown,GROUND_TRUTH_SOURCE.xlsx:Sheet1!K70 review_status=verified (Google Sheet 1IQOdmAQxuiU2MgAqCAQ91rG-8TIS3UB_),,,,,Source speaker_id is supplied; speaker-to-case assignment has not been independently reviewed,GROUND_TRUTH_SOURCE.xlsx:Sheet1!C70; raw_audio/CS-64.wav; cleaned_audio/CS-64.wav,7d4a66dd3e10d77d8e94017473e2b0a76807859667a3f2f7f8b5d80007a6629f,SHA-256 computed from cleaned_audio/CS-64.wav,Amharic-English,,,manual_review,"User-supplied benchmark evidence states transcripts, audio, and audio-transcript alignment were manually reviewed. Reviewer identity, review date, and underlying review logs were not supplied. Benchmark preparation: Ermias.",v1.0,Ermias
CS-65,CS-65.wav,"Batch 5: Tropical Diseases, Rheumatology & Pulmonology",Rheumatology,provided_in_ground_truth_sheet,Speaker-02,pending_review,Mostly Amharic,provisional_script_share_estimate_requires_human_confirmation,የመገጣጠሚያ ህመም በተለይ በ (morning stiffness) ከ 1 ሰዓት በላይ የሚቆይባቸው አዛውንት ስለሆኑ፣ Rheumatoid factor እና Anti-CCP test እናዘዝ።,"Morning stiffness, Rheumatoid arthritis",verified_against_audio,Google Sheet 1IQOdmAQxuiU2MgAqCAQ91rG-8TIS3UB_:Sheet1!H71 (normalized_transcript; review_status=verified),verified_present,unknown,unknown,unknown,GROUND_TRUTH_SOURCE.xlsx:Sheet1!K71 review_status=verified (Google Sheet 1IQOdmAQxuiU2MgAqCAQ91rG-8TIS3UB_),,,,,Source speaker_id is supplied; speaker-to-case assignment has not been independently reviewed,GROUND_TRUTH_SOURCE.xlsx:Sheet1!C71; raw_audio/CS-65.wav; cleaned_audio/CS-65.wav,1c36fc0d1c73e65b049af0e6209ce5a05854e212313094e570dbcd382bc48719,SHA-256 computed from cleaned_audio/CS-65.wav,Amharic-English,,,manual_review,"User-supplied benchmark evidence states transcripts, audio, and audio-transcript alignment were manually reviewed. Reviewer identity, review date, and underlying review logs were not supplied. Benchmark preparation: Ermias.",v1.0,Ermias
CS-66,CS-66.wav,"Batch 5: Tropical Diseases, Rheumatology & Pulmonology",Orthopedics / Infectious Disease,provided_in_ground_truth_sheet,Speaker-02,pending_review,Mostly English Clinical Terms,provisional_script_share_estimate_requires_human_confirmation,በግራ እግሩ tibia/fibula አካባቢ chronic bone infection (osteomyelitis) ስላለበት፣ deep bone biopsy for culture and sensitivity order እናድርግ።,"Osteomyelitis, Bone biopsy",verified_against_audio,Google Sheet 1IQOdmAQxuiU2MgAqCAQ91rG-8TIS3UB_:Sheet1!H72 (normalized_transcript; review_status=verified),verified_present,unknown,unknown,unknown,GROUND_TRUTH_SOURCE.xlsx:Sheet1!K72 review_status=verified (Google Sheet 1IQOdmAQxuiU2MgAqCAQ91rG-8TIS3UB_),,,,,Source speaker_id is supplied; speaker-to-case assignment has not been independently reviewed,GROUND_TRUTH_SOURCE.xlsx:Sheet1!C72; raw_audio/CS-66.wav; cleaned_audio/CS-66.wav,a649c8ecd25c337102fec1d1329108878a6f6c17d522ef54d89eea3495cdda5a,SHA-256 computed from cleaned_audio/CS-66.wav,Amharic-English,,,manual_review,"User-supplied benchmark evidence states transcripts, audio, and audio-transcript alignment were manually reviewed. Reviewer identity, review date, and underlying review logs were not supplied. Benchmark preparation: Ermias.",v1.0,Ermias
CS-67,CS-67.wav,"Batch 5: Tropical Diseases, Rheumatology & Pulmonology",Pharmacology / Neurology,provided_in_ground_truth_sheet,Speaker-02,pending_review,Mostly English Clinical Terms,provisional_script_share_estimate_requires_human_confirmation,ከባድ የጡንቻ ህመም (myalgia) እና dark-colored urine (myoglobinuria) ከ statin use በኋላ ስላጋጠመው፣ immediate serum creatine kinase (CK) level check እናድርግ።,"Statin-induced myopathy, CK levels",verified_against_audio,Google Sheet 1IQOdmAQxuiU2MgAqCAQ91rG-8TIS3UB_:Sheet1!H73 (normalized_transcript; review_status=verified),verified_present,unknown,unknown,unknown,GROUND_TRUTH_SOURCE.xlsx:Sheet1!K73 review_status=verified (Google Sheet 1IQOdmAQxuiU2MgAqCAQ91rG-8TIS3UB_),,,,,Source speaker_id is supplied; speaker-to-case assignment has not been independently reviewed,GROUND_TRUTH_SOURCE.xlsx:Sheet1!C73; raw_audio/CS-67.wav; cleaned_audio/CS-67.wav,5acb7d78eb9fa4dd2bccf247f9e04092e216f36b0a476d47e996bedc65a63b68,SHA-256 computed from cleaned_audio/CS-67.wav,Amharic-English,,,manual_review,"User-supplied benchmark evidence states transcripts, audio, and audio-transcript alignment were manually reviewed. Reviewer identity, review date, and underlying review logs were not supplied. Benchmark preparation: Ermias.",v1.0,Ermias
CS-68,CS-68.wav,"Batch 5: Tropical Diseases, Rheumatology & Pulmonology",Dermatology / Infectious Disease,provided_in_ground_truth_sheet,Speaker-02,pending_review,Mostly English Clinical Terms,provisional_script_share_estimate_requires_human_confirmation,በግራ flank region ላይ የሚወጣ painful vesicular rash በጥንታዊ zoster (Herpes Zoster) መልክ ስላለው፣ Acyclovir 800mg 5 times daily ጀምርለት።,"Herpes Zoster, Acyclovir",verified_against_audio,Google Sheet 1IQOdmAQxuiU2MgAqCAQ91rG-8TIS3UB_:Sheet1!H74 (normalized_transcript; review_status=verified),verified_present,unknown,unknown,unknown,GROUND_TRUTH_SOURCE.xlsx:Sheet1!K74 review_status=verified (Google Sheet 1IQOdmAQxuiU2MgAqCAQ91rG-8TIS3UB_),,,,,Source speaker_id is supplied; speaker-to-case assignment has not been independently reviewed,GROUND_TRUTH_SOURCE.xlsx:Sheet1!C74; raw_audio/CS-68.wav; cleaned_audio/CS-68.wav,62f7ef34381d1dbfd00210e6a8eeb47a864070f236b9b8af1ab73ccaddfb54c3,SHA-256 computed from cleaned_audio/CS-68.wav,Amharic-English,,,manual_review,"User-supplied benchmark evidence states transcripts, audio, and audio-transcript alignment were manually reviewed. Reviewer identity, review date, and underlying review logs were not supplied. Benchmark preparation: Ermias.",v1.0,Ermias
CS-69,CS-69.wav,"Batch 5: Tropical Diseases, Rheumatology & Pulmonology",Hematology,provided_in_ground_truth_sheet,Speaker-02,pending_review,Balanced Mix,provisional_script_share_estimate_requires_human_confirmation,የታካሚው ፕሌትሌት ቁጥር (platelet count) በጣም ዝቅተኛ ስለሆነ እና spontaneous mucosal bleeding ስላለው፣ immediate hematology consultation እና platelet transfusion order እናድርግ።,"Thrombocytopenia, Bleeding",verified_against_audio,Google Sheet 1IQOdmAQxuiU2MgAqCAQ91rG-8TIS3UB_:Sheet1!H75 (normalized_transcript; review_status=verified),verified_present,unknown,unknown,unknown,GROUND_TRUTH_SOURCE.xlsx:Sheet1!K75 review_status=verified (Google Sheet 1IQOdmAQxuiU2MgAqCAQ91rG-8TIS3UB_),,,,,Source speaker_id is supplied; speaker-to-case assignment has not been independently reviewed,GROUND_TRUTH_SOURCE.xlsx:Sheet1!C75; raw_audio/CS-69.wav; cleaned_audio/CS-69.wav,ed16af18218a4e5bdbeea7ea5a33726fe2b73191562dc26d49f21923c0444c7f,SHA-256 computed from cleaned_audio/CS-69.wav,Amharic-English,,,manual_review,"User-supplied benchmark evidence states transcripts, audio, and audio-transcript alignment were manually reviewed. Reviewer identity, review date, and underlying review logs were not supplied. Benchmark preparation: Ermias.",v1.0,Ermias
CS-70,CS-70.wav,"Batch 5: Tropical Diseases, Rheumatology & Pulmonology",ENT / Infectious Disease,provided_in_ground_truth_sheet,Speaker-02,pending_review,Balanced Mix,provisional_script_share_estimate_requires_human_confirmation,ከባድ የጉሮሮ ህመም (severe pharyngitis) ከ exudates ጋር እና cervical lymphadenopathy ስላለው፣ throat swab for rapid strep test እንወስዳለን።,"Pharyngitis, Strep test",verified_against_audio,Google Sheet 1IQOdmAQxuiU2MgAqCAQ91rG-8TIS3UB_:Sheet1!H76 (normalized_transcript; review_status=verified),verified_present,unknown,unknown,unknown,GROUND_TRUTH_SOURCE.xlsx:Sheet1!K76 review_status=verified (Google Sheet 1IQOdmAQxuiU2MgAqCAQ91rG-8TIS3UB_),,,,,Source speaker_id is supplied; speaker-to-case assignment has not been independently reviewed,GROUND_TRUTH_SOURCE.xlsx:Sheet1!C76; raw_audio/CS-70.wav; cleaned_audio/CS-70.wav,e28233407046706f348d827455ddc643e6eeb9c158fc723cb38ae549d76bed74,SHA-256 computed from cleaned_audio/CS-70.wav,Amharic-English,,,manual_review,"User-supplied benchmark evidence states transcripts, audio, and audio-transcript alignment were manually reviewed. Reviewer identity, review date, and underlying review logs were not supplied. Benchmark preparation: Ermias.",v1.0,Ermias
CS-71,CS-71.wav,"Batch 5: Tropical Diseases, Rheumatology & Pulmonology",Gastroenterology / Surgery,provided_in_ground_truth_sheet,Speaker-02,pending_review,Mostly English Clinical Terms,provisional_script_share_estimate_requires_human_confirmation,በቀኝ upper quadrant abdominal pain ከ fever እና jaundice ጋር (Charcot's triad) ስላለው፣ acute cholangitis suspect አድርገን abdominal ultrasound እና IV antibiotics እንጀምራለን።,"Cholangitis, Charcot's triad",verified_against_audio,Google Sheet 1IQOdmAQxuiU2MgAqCAQ91rG-8TIS3UB_:Sheet1!H77 (normalized_transcript; review_status=verified),verified_present,unknown,unknown,unknown,GROUND_TRUTH_SOURCE.xlsx:Sheet1!K77 review_status=verified (Google Sheet 1IQOdmAQxuiU2MgAqCAQ91rG-8TIS3UB_),,,,,Source speaker_id is supplied; speaker-to-case assignment has not been independently reviewed,GROUND_TRUTH_SOURCE.xlsx:Sheet1!C77; raw_audio/CS-71.wav; cleaned_audio/CS-71.wav,3b943c3163f0198493f621ad34b51953c0fd0e6873b28a8deba7de55ce9212ae,SHA-256 computed from cleaned_audio/CS-71.wav,Amharic-English,,,manual_review,"User-supplied benchmark evidence states transcripts, audio, and audio-transcript alignment were manually reviewed. Reviewer identity, review date, and underlying review logs were not supplied. Benchmark preparation: Ermias.",v1.0,Ermias
CS-72,CS-72.wav,"Batch 5: Tropical Diseases, Rheumatology & Pulmonology",Pulmonology,provided_in_ground_truth_sheet,Speaker-02,pending_review,Mostly English Clinical Terms,provisional_script_share_estimate_requires_human_confirmation,የመተንፈሻ አካል ችግር እና acute exacerbation of COPD ስላለው፣ Duolin (Salbutamol + Ipratropium) nebulization እና systemic corticosteroids 40mg PO ጀምር።,"COPD exacerbation, Duolin",verified_against_audio,Google Sheet 1IQOdmAQxuiU2MgAqCAQ91rG-8TIS3UB_:Sheet1!H78 (normalized_transcript; review_status=verified),verified_present,unknown,unknown,unknown,GROUND_TRUTH_SOURCE.xlsx:Sheet1!K78 review_status=verified (Google Sheet 1IQOdmAQxuiU2MgAqCAQ91rG-8TIS3UB_),,,,,Source speaker_id is supplied; speaker-to-case assignment has not been independently reviewed,GROUND_TRUTH_SOURCE.xlsx:Sheet1!C78; raw_audio/CS-72.wav; cleaned_audio/CS-72.wav,b736677bbc909dc9da9deb1ef8c0304f7db22f3c58bf6eb90332b4829bfc3e11,SHA-256 computed from cleaned_audio/CS-72.wav,Amharic-English,,,manual_review,"User-supplied benchmark evidence states transcripts, audio, and audio-transcript alignment were manually reviewed. Reviewer identity, review date, and underlying review logs were not supplied. Benchmark preparation: Ermias.",v1.0,Ermias
CS-73,CS-73.wav,"Batch 5: Tropical Diseases, Rheumatology & Pulmonology",Dermatology / Wound Care,provided_in_ground_truth_sheet,Speaker-02,pending_review,Balanced Mix,provisional_script_share_estimate_requires_human_confirmation,ለረጅም ጊዜ በ bedridden ሁኔታ የቆየ ታካሚ ስለሆነ፣ sacral pressure ulcer stage III ስላለበት wound debridement እና daily dressing change order እናድርግ።,"Pressure ulcer, Debridement",verified_against_audio,Google Sheet 1IQOdmAQxuiU2MgAqCAQ91rG-8TIS3UB_:Sheet1!H79 (normalized_transcript; review_status=verified),verified_present,unknown,unknown,unknown,GROUND_TRUTH_SOURCE.xlsx:Sheet1!K79 review_status=verified (Google Sheet 1IQOdmAQxuiU2MgAqCAQ91rG-8TIS3UB_),,,,,Source speaker_id is supplied; speaker-to-case assignment has not been independently reviewed,GROUND_TRUTH_SOURCE.xlsx:Sheet1!C79; raw_audio/CS-73.wav; cleaned_audio/CS-73.wav,68a37074827c8f83094508fb1d21cbf2a6dd4565680e54c15bee443723e82d4a,SHA-256 computed from cleaned_audio/CS-73.wav,Amharic-English,,,manual_review,"User-supplied benchmark evidence states transcripts, audio, and audio-transcript alignment were manually reviewed. Reviewer identity, review date, and underlying review logs were not supplied. Benchmark preparation: Ermias.",v1.0,Ermias
CS-74,CS-74.wav,"Batch 5: Tropical Diseases, Rheumatology & Pulmonology",Vascular Surgery / Emergency,provided_in_ground_truth_sheet,Speaker-02,pending_review,Mostly English Clinical Terms,provisional_script_share_estimate_requires_human_confirmation,በግራ እጁ ላይ sudden loss of sensation እና pallor ስላለው፣ acute limb ischemia rule out ለማድረግ urgent Doppler ultrasound order እናድርግ።,"Acute limb ischemia, Doppler",verified_against_audio,Google Sheet 1IQOdmAQxuiU2MgAqCAQ91rG-8TIS3UB_:Sheet1!H80 (normalized_transcript; review_status=verified),verified_present,unknown,unknown,unknown,GROUND_TRUTH_SOURCE.xlsx:Sheet1!K80 review_status=verified (Google Sheet 1IQOdmAQxuiU2MgAqCAQ91rG-8TIS3UB_),,,,,Source speaker_id is supplied; speaker-to-case assignment has not been independently reviewed,GROUND_TRUTH_SOURCE.xlsx:Sheet1!C80; raw_audio/CS-74.wav; cleaned_audio/CS-74.wav,9e065aa0966d73ec5d1bf596bd0eab9f2490d9bb242de0c0e23e7732412bd0db,SHA-256 computed from cleaned_audio/CS-74.wav,Amharic-English,,,manual_review,"User-supplied benchmark evidence states transcripts, audio, and audio-transcript alignment were manually reviewed. Reviewer identity, review date, and underlying review logs were not supplied. Benchmark preparation: Ermias.",v1.0,Ermias
CS-75,CS-75.wav,"Batch 5: Tropical Diseases, Rheumatology & Pulmonology",Hematology,provided_in_ground_truth_sheet,Speaker-02,pending_review,Mostly English Clinical Terms,provisional_script_share_estimate_requires_human_confirmation,ከፍተኛ የደም ማነስ (severe microcytic anemia,"Severe anemia, PRBC transfusion",verified_against_audio,Google Sheet 1IQOdmAQxuiU2MgAqCAQ91rG-8TIS3UB_:Sheet1!H81 (normalized_transcript; review_status=verified),verified_present,unknown,unknown,unknown,GROUND_TRUTH_SOURCE.xlsx:Sheet1!K81 review_status=verified (Google Sheet 1IQOdmAQxuiU2MgAqCAQ91rG-8TIS3UB_),,,,,Source speaker_id is supplied; speaker-to-case assignment has not been independently reviewed,GROUND_TRUTH_SOURCE.xlsx:Sheet1!C81; raw_audio/CS-75.wav; cleaned_audio/CS-75.wav,8f5e2464210d8da3938414be5c0663ea9001a9ba1290e5c470c58c96fbed7bcb,SHA-256 computed from cleaned_audio/CS-75.wav,Amharic-English,,,manual_review,"User-supplied benchmark evidence states transcripts, audio, and audio-transcript alignment were manually reviewed. Reviewer identity, review date, and underlying review logs were not supplied. Benchmark preparation: Ermias.",v1.0,Ermias
CS-76,CS-76.wav,"Batch 6: Geriatrics, Neurology & Infectious Disease Expansion",Geriatrics / Neurology,provided_in_ground_truth_sheet,Speaker-02,pending_review,Balanced Mix,provisional_script_share_estimate_requires_human_confirmation,በዕድሜ የገፉ አዛውንት ውስጥ sudden confusion እና memory decline (acute delirium) በመታየቱ፣ urinary tract infection እና electrolyte imbalance check ማድረግ አለብን።,"Acute delirium, Electrolyte imbalance",verified_against_audio,Google Sheet 1IQOdmAQxuiU2MgAqCAQ91rG-8TIS3UB_:Sheet1!H82 (normalized_transcript; review_status=verified),verified_present,unknown,unknown,unknown,GROUND_TRUTH_SOURCE.xlsx:Sheet1!K82 review_status=verified (Google Sheet 1IQOdmAQxuiU2MgAqCAQ91rG-8TIS3UB_),,,,,Source speaker_id is supplied; speaker-to-case assignment has not been independently reviewed,GROUND_TRUTH_SOURCE.xlsx:Sheet1!C82; raw_audio/CS-76.wav; cleaned_audio/CS-76.wav,7633385c706819a6994089a6acda1628e530ca50e9f5414a25585947ac266a9f,SHA-256 computed from cleaned_audio/CS-76.wav,Amharic-English,,,manual_review,"User-supplied benchmark evidence states transcripts, audio, and audio-transcript alignment were manually reviewed. Reviewer identity, review date, and underlying review logs were not supplied. Benchmark preparation: Ermias.",v1.0,Ermias
CS-77,CS-77.wav,"Batch 6: Geriatrics, Neurology & Infectious Disease Expansion",Neurology / Emergency,provided_in_ground_truth_sheet,Speaker-02,pending_review,Balanced Mix,provisional_script_share_estimate_requires_human_confirmation,በግራ በኩል የሚከሰት facial drop,"Acute stroke, Facial drop",verified_against_audio,Google Sheet 1IQOdmAQxuiU2MgAqCAQ91rG-8TIS3UB_:Sheet1!H83 (normalized_transcript; review_status=verified),verified_present,unknown,unknown,unknown,GROUND_TRUTH_SOURCE.xlsx:Sheet1!K83 review_status=verified (Google Sheet 1IQOdmAQxuiU2MgAqCAQ91rG-8TIS3UB_),,,,,Source speaker_id is supplied; speaker-to-case assignment has not been independently reviewed,GROUND_TRUTH_SOURCE.xlsx:Sheet1!C83; raw_audio/CS-77.wav; cleaned_audio/CS-77.wav,6bd945f8a9915d25baefb0defac720dad334184c61f19d0f395a07b29c63e8e6,SHA-256 computed from cleaned_audio/CS-77.wav,Amharic-English,,,manual_review,"User-supplied benchmark evidence states transcripts, audio, and audio-transcript alignment were manually reviewed. Reviewer identity, review date, and underlying review logs were not supplied. Benchmark preparation: Ermias.",v1.0,Ermias
CS-78,CS-78.wav,"Batch 6: Geriatrics, Neurology & Infectious Disease Expansion",Nephrology / Critical Care,provided_in_ground_truth_sheet,Speaker-02,pending_review,Balanced Mix,provisional_script_share_estimate_requires_human_confirmation,የታካሚው የሴረም ሶዲይም (serum sodium) መጠን 120 mEq/L ስለሆነ (severe hyponatremia)፣ 3% Normal Saline በቁጥጥር ስር እንሰጣለን።,"Severe hyponatremia, 3% Saline",verified_against_audio,Google Sheet 1IQOdmAQxuiU2MgAqCAQ91rG-8TIS3UB_:Sheet1!H84 (normalized_transcript; review_status=verified),verified_present,unknown,unknown,unknown,GROUND_TRUTH_SOURCE.xlsx:Sheet1!K84 review_status=verified (Google Sheet 1IQOdmAQxuiU2MgAqCAQ91rG-8TIS3UB_),,,,,Source speaker_id is supplied; speaker-to-case assignment has not been independently reviewed,GROUND_TRUTH_SOURCE.xlsx:Sheet1!C84; raw_audio/CS-78.wav; cleaned_audio/CS-78.wav,436c8452898e968c220fa734b73356e7d83a7c51e286bbea4827c7267e79def3,SHA-256 computed from cleaned_audio/CS-78.wav,Amharic-English,,,manual_review,"User-supplied benchmark evidence states transcripts, audio, and audio-transcript alignment were manually reviewed. Reviewer identity, review date, and underlying review logs were not supplied. Benchmark preparation: Ermias.",v1.0,Ermias
CS-79,CS-79.wav,"Batch 6: Geriatrics, Neurology & Infectious Disease Expansion",General Surgery,provided_in_ground_truth_sheet,Speaker-02,pending_review,Balanced Mix,provisional_script_share_estimate_requires_human_confirmation,በቀኝ lower quadrant የሚሰማ ከባድ ህመም ከ nausea እና low-grade fever ጋር ስላለው፣ Alvarado score calculate አድርገን surgical evaluation እንጠይቃለን።,"Appendicitis, Alvarado score",verified_against_audio,Google Sheet 1IQOdmAQxuiU2MgAqCAQ91rG-8TIS3UB_:Sheet1!H85 (normalized_transcript; review_status=verified),verified_present,unknown,unknown,unknown,GROUND_TRUTH_SOURCE.xlsx:Sheet1!K85 review_status=verified (Google Sheet 1IQOdmAQxuiU2MgAqCAQ91rG-8TIS3UB_),,,,,Source speaker_id is supplied; speaker-to-case assignment has not been independently reviewed,GROUND_TRUTH_SOURCE.xlsx:Sheet1!C85; raw_audio/CS-79.wav; cleaned_audio/CS-79.wav,9121bdece78e290ccb411a00e929797b5f836c778d7ed5a532e11a33d55a224b,SHA-256 computed from cleaned_audio/CS-79.wav,Amharic-English,,,manual_review,"User-supplied benchmark evidence states transcripts, audio, and audio-transcript alignment were manually reviewed. Reviewer identity, review date, and underlying review logs were not supplied. Benchmark preparation: Ermias.",v1.0,Ermias
CS-80,CS-80.wav,"Batch 6: Geriatrics, Neurology & Infectious Disease Expansion",Cardiology / Emergency,provided_in_ground_truth_sheet,Speaker-02,pending_review,Balanced Mix,provisional_script_share_estimate_requires_human_confirmation,የታካሚው የደም ግፊት በድንገት 220/120 mmHg ደርሶ encephalopathy ምልክቶች ስላሳየ (hypertensive emergency)፣ IV Labetalol infusion እንጀምራለን።,"Hypertensive emergency, Labetalol",verified_against_audio,Google Sheet 1IQOdmAQxuiU2MgAqCAQ91rG-8TIS3UB_:Sheet1!H86 (normalized_transcript; review_status=verified),verified_present,unknown,unknown,unknown,GROUND_TRUTH_SOURCE.xlsx:Sheet1!K86 review_status=verified (Google Sheet 1IQOdmAQxuiU2MgAqCAQ91rG-8TIS3UB_),,,,,Source speaker_id is supplied; speaker-to-case assignment has not been independently reviewed,GROUND_TRUTH_SOURCE.xlsx:Sheet1!C86; raw_audio/CS-80.wav; cleaned_audio/CS-80.wav,5ff6a2b3a9fa0e749a6933457048d70a60074667fa7b5477c67ee58113743f23,SHA-256 computed from cleaned_audio/CS-80.wav,Amharic-English,,,manual_review,"User-supplied benchmark evidence states transcripts, audio, and audio-transcript alignment were manually reviewed. Reviewer identity, review date, and underlying review logs were not supplied. Benchmark preparation: Ermias.",v1.0,Ermias
CS-81,CS-81.wav,"Batch 6: Geriatrics, Neurology & Infectious Disease Expansion",Gastroenterology / Hepatology,provided_in_ground_truth_sheet,Speaker-02,pending_review,Balanced Mix,provisional_script_share_estimate_requires_human_confirmation,ከፍተኛ የሆነ የጉበት ኢንዛይሞች (ALT/AST elevation) ከ acute viral hepatitis ጋር የተያያዘ ስለሆነ፣ HBsAg እና Anti-HCV screening test order አድርግ።,"Viral hepatitis, Liver enzymes",verified_against_audio,Google Sheet 1IQOdmAQxuiU2MgAqCAQ91rG-8TIS3UB_:Sheet1!H87 (normalized_transcript; review_status=verified),verified_present,unknown,unknown,unknown,GROUND_TRUTH_SOURCE.xlsx:Sheet1!K87 review_status=verified (Google Sheet 1IQOdmAQxuiU2MgAqCAQ91rG-8TIS3UB_),,,,,Source speaker_id is supplied; speaker-to-case assignment has not been independently reviewed,GROUND_TRUTH_SOURCE.xlsx:Sheet1!C87; raw_audio/CS-81.wav; cleaned_audio/CS-81.wav,085678f4e7d7a6827be39f7514c098ac116a871b3606f283c84d39dffba434e8,SHA-256 computed from cleaned_audio/CS-81.wav,Amharic-English,,,manual_review,"User-supplied benchmark evidence states transcripts, audio, and audio-transcript alignment were manually reviewed. Reviewer identity, review date, and underlying review logs were not supplied. Benchmark preparation: Ermias.",v1.0,Ermias
CS-82,CS-82.wav,"Batch 6: Geriatrics, Neurology & Infectious Disease Expansion",ENT / Oral Surgery,provided_in_ground_truth_sheet,Speaker-02,pending_review,Mostly English Clinical Terms,provisional_script_share_estimate_requires_human_confirmation,በግራ submandibular region ላይ painful swelling እና pus discharge ከ submandibular duct ስላለው፣ clindamycin 300mg PO QID order እንድርግ።,"Submandibular sialadenitis, Clindamycin",verified_against_audio,Google Sheet 1IQOdmAQxuiU2MgAqCAQ91rG-8TIS3UB_:Sheet1!H88 (normalized_transcript; review_status=verified),verified_present,unknown,unknown,unknown,GROUND_TRUTH_SOURCE.xlsx:Sheet1!K88 review_status=verified (Google Sheet 1IQOdmAQxuiU2MgAqCAQ91rG-8TIS3UB_),,,,,Source speaker_id is supplied; speaker-to-case assignment has not been independently reviewed,GROUND_TRUTH_SOURCE.xlsx:Sheet1!C88; raw_audio/CS-82.wav; cleaned_audio/CS-82.wav,bec10a9639b35e2c436fbdba3352cc070cd36de0c1e54e2f12c5ed0e825f067f,SHA-256 computed from cleaned_audio/CS-82.wav,Amharic-English,,,manual_review,"User-supplied benchmark evidence states transcripts, audio, and audio-transcript alignment were manually reviewed. Reviewer identity, review date, and underlying review logs were not supplied. Benchmark preparation: Ermias.",v1.0,Ermias
CS-83,CS-83.wav,"Batch 6: Geriatrics, Neurology & Infectious Disease Expansion",Pediatric Nephrology,provided_in_ground_truth_sheet,Speaker-02,pending_review,Mostly English Clinical Terms,provisional_script_share_estimate_requires_human_confirmation,ለከፍተኛ እብጠት (generalized edema) እና nephrotic range proteinuria የተጋለጠ ሕፃን ስለሆነ፣ 24-hour urine protein collection እና serum albumin level check እናድርግ።,"Nephrotic syndrome, Proteinuria",verified_against_audio,Google Sheet 1IQOdmAQxuiU2MgAqCAQ91rG-8TIS3UB_:Sheet1!H89 (normalized_transcript; review_status=verified),verified_present,unknown,unknown,unknown,GROUND_TRUTH_SOURCE.xlsx:Sheet1!K89 review_status=verified (Google Sheet 1IQOdmAQxuiU2MgAqCAQ91rG-8TIS3UB_),,,,,Source speaker_id is supplied; speaker-to-case assignment has not been independently reviewed,GROUND_TRUTH_SOURCE.xlsx:Sheet1!C89; raw_audio/CS-83.wav; cleaned_audio/CS-83.wav,afb23f5ac1b01a1e1f804f94c25baec2bb3496d91c102d923715f264bb85d809,SHA-256 computed from cleaned_audio/CS-83.wav,Amharic-English,,,manual_review,"User-supplied benchmark evidence states transcripts, audio, and audio-transcript alignment were manually reviewed. Reviewer identity, review date, and underlying review logs were not supplied. Benchmark preparation: Ermias.",v1.0,Ermias
CS-84,CS-84.wav,"Batch 6: Geriatrics, Neurology & Infectious Disease Expansion",Hematology / Vascular Medicine,provided_in_ground_truth_sheet,Speaker-02,pending_review,Mostly English Clinical Terms,provisional_script_share_estimate_requires_human_confirmation,የቀኝ እግር deep vein thrombosis (DVT) በ ultrasound ስረጋገጥ፣ low molecular weight heparin (Enoxaparin) subcutaneous injection ጀምርለት።,"Deep Vein Thrombosis, Enoxaparin",verified_against_audio,Google Sheet 1IQOdmAQxuiU2MgAqCAQ91rG-8TIS3UB_:Sheet1!H90 (normalized_transcript; review_status=verified),verified_present,unknown,unknown,unknown,GROUND_TRUTH_SOURCE.xlsx:Sheet1!K90 review_status=verified (Google Sheet 1IQOdmAQxuiU2MgAqCAQ91rG-8TIS3UB_),,,,,Source speaker_id is supplied; speaker-to-case assignment has not been independently reviewed,GROUND_TRUTH_SOURCE.xlsx:Sheet1!C90; raw_audio/CS-84.wav; cleaned_audio/CS-84.wav,8e25c9871b1e547088e07c7d2bbd4ab63665ab6141505eedca1733bec28e45e8,SHA-256 computed from cleaned_audio/CS-84.wav,Amharic-English,,,manual_review,"User-supplied benchmark evidence states transcripts, audio, and audio-transcript alignment were manually reviewed. Reviewer identity, review date, and underlying review logs were not supplied. Benchmark preparation: Ermias.",v1.0,Ermias
CS-85,CS-85.wav,"Batch 6: Geriatrics, Neurology & Infectious Disease Expansion",ENT,provided_in_ground_truth_sheet,Speaker-02,pending_review,Balanced Mix,provisional_script_share_estimate_requires_human_confirmation,ከባድ የጆሮ ኢንፌክሽን (chronic suppurative otitis media) በግራ ጆሮው ላይ ስላለው፣ ciprofloxacin ear drops እና aural toilet order እናድርግ።,"Otitis media, Ciprofloxacin drops",verified_against_audio,Google Sheet 1IQOdmAQxuiU2MgAqCAQ91rG-8TIS3UB_:Sheet1!H91 (normalized_transcript; review_status=verified),verified_present,unknown,unknown,unknown,GROUND_TRUTH_SOURCE.xlsx:Sheet1!K91 review_status=verified (Google Sheet 1IQOdmAQxuiU2MgAqCAQ91rG-8TIS3UB_),,,,,Source speaker_id is supplied; speaker-to-case assignment has not been independently reviewed,GROUND_TRUTH_SOURCE.xlsx:Sheet1!C91; raw_audio/CS-85.wav; cleaned_audio/CS-85.wav,83cd13ed1ff328ea1f67e6d0decdf51726f9ab551a36eb7db239b95949835046,SHA-256 computed from cleaned_audio/CS-85.wav,Amharic-English,,,manual_review,"User-supplied benchmark evidence states transcripts, audio, and audio-transcript alignment were manually reviewed. Reviewer identity, review date, and underlying review logs were not supplied. Benchmark preparation: Ermias.",v1.0,Ermias
CS-86,CS-86.wav,"Batch 6: Geriatrics, Neurology & Infectious Disease Expansion",Endocrinology / Critical Care,provided_in_ground_truth_sheet,Speaker-01,pending_review,Balanced Mix,provisional_script_share_estimate_requires_human_confirmation,የታካሚው የደም ስኳር መጠን 450 mg/dL ከ ketoacidosis ጋር በመሆኑ፣ regular insulin infusion እና aggressive fluid hydration እንጀምራለን።,"DKA, Insulin infusion",verified_against_audio,Google Sheet 1IQOdmAQxuiU2MgAqCAQ91rG-8TIS3UB_:Sheet1!H92 (normalized_transcript; review_status=verified),verified_present,unknown,unknown,unknown,GROUND_TRUTH_SOURCE.xlsx:Sheet1!K92 review_status=verified (Google Sheet 1IQOdmAQxuiU2MgAqCAQ91rG-8TIS3UB_),,,,,Source speaker_id is supplied; speaker-to-case assignment has not been independently reviewed,GROUND_TRUTH_SOURCE.xlsx:Sheet1!C92; raw_audio/CS-86.wav; cleaned_audio/CS-86.wav,51d3986fb48e7446b5dccce43aa972f3b6ffa5dfc65a29036afb7b9457517b7d,SHA-256 computed from cleaned_audio/CS-86.wav,Amharic-English,,,manual_review,"User-supplied benchmark evidence states transcripts, audio, and audio-transcript alignment were manually reviewed. Reviewer identity, review date, and underlying review logs were not supplied. Benchmark preparation: Ermias.",v1.0,Ermias
CS-87,CS-87.wav,"Batch 6: Geriatrics, Neurology & Infectious Disease Expansion",Obstetrics & Gynecology (OBGYN),provided_in_ground_truth_sheet,Speaker-01,pending_review,Balanced Mix,provisional_script_share_estimate_requires_human_confirmation,ከፍተኛ የደም መፍሰስ ከ postpartum hemorrhage (PPH) ጋር የተያያዘ ስላደገ፣ bimanual compression እና Oxytocin infusion 20 units in normal saline እናድርግ።,"PPH, Oxytocin",verified_against_audio,Google Sheet 1IQOdmAQxuiU2MgAqCAQ91rG-8TIS3UB_:Sheet1!H93 (normalized_transcript; review_status=verified),verified_present,unknown,unknown,unknown,GROUND_TRUTH_SOURCE.xlsx:Sheet1!K93 review_status=verified (Google Sheet 1IQOdmAQxuiU2MgAqCAQ91rG-8TIS3UB_),,,,,Source speaker_id is supplied; speaker-to-case assignment has not been independently reviewed,GROUND_TRUTH_SOURCE.xlsx:Sheet1!C93; raw_audio/CS-87.wav; cleaned_audio/CS-87.wav,1da9624cac43e1ff499e4ccd867db890dc6106ac7a425f00db748aaf248dc210,SHA-256 computed from cleaned_audio/CS-87.wav,Amharic-English,,,manual_review,"User-supplied benchmark evidence states transcripts, audio, and audio-transcript alignment were manually reviewed. Reviewer identity, review date, and underlying review logs were not supplied. Benchmark preparation: Ermias.",v1.0,Ermias
CS-88,CS-88.wav,"Batch 6: Geriatrics, Neurology & Infectious Disease Expansion",Neurology / Emergency,provided_in_ground_truth_sheet,Speaker-01,pending_review,Mostly English Clinical Terms,provisional_script_share_estimate_requires_human_confirmation,በግራ እጁ ላይ sustained tonic-clonic seizure እንቅስቃሴ ስላሳየ፣ IV Diazepam 10mg slow push እና Levetiracetam loading dose እንሰጣለን።,"Status epilepticus, Diazepam",verified_against_audio,Google Sheet 1IQOdmAQxuiU2MgAqCAQ91rG-8TIS3UB_:Sheet1!H94 (normalized_transcript; review_status=verified),verified_present,unknown,unknown,unknown,GROUND_TRUTH_SOURCE.xlsx:Sheet1!K94 review_status=verified (Google Sheet 1IQOdmAQxuiU2MgAqCAQ91rG-8TIS3UB_),,,,,Source speaker_id is supplied; speaker-to-case assignment has not been independently reviewed,GROUND_TRUTH_SOURCE.xlsx:Sheet1!C94; raw_audio/CS-88.wav; cleaned_audio/CS-88.wav,cb323cd754711e28103b0b222426457bf8203878362cda3df0b823a39f6dcfde,SHA-256 computed from cleaned_audio/CS-88.wav,Amharic-English,,,manual_review,"User-supplied benchmark evidence states transcripts, audio, and audio-transcript alignment were manually reviewed. Reviewer identity, review date, and underlying review logs were not supplied. Benchmark preparation: Ermias.",v1.0,Ermias
CS-89,CS-89.wav,"Batch 6: Geriatrics, Neurology & Infectious Disease Expansion",Gastroenterology / Parasitology,provided_in_ground_truth_sheet,Speaker-01,pending_review,Mostly English Clinical Terms,provisional_script_share_estimate_requires_human_confirmation,ለ 2 ሳምንታት የቆየ persistent watery diarrhea ከ abdominal cramps ጋር ስላለው፣ stool microscopy for Giardia lamblia trophozoites and cysts order እንድርግ።,"Giardiasis, Stool microscopy",verified_against_audio,Google Sheet 1IQOdmAQxuiU2MgAqCAQ91rG-8TIS3UB_:Sheet1!H95 (normalized_transcript; review_status=verified),verified_present,unknown,unknown,unknown,GROUND_TRUTH_SOURCE.xlsx:Sheet1!K95 review_status=verified (Google Sheet 1IQOdmAQxuiU2MgAqCAQ91rG-8TIS3UB_),,,,,Source speaker_id is supplied; speaker-to-case assignment has not been independently reviewed,GROUND_TRUTH_SOURCE.xlsx:Sheet1!C95; raw_audio/CS-89.wav; cleaned_audio/CS-89.wav,475ad2cc281e52eb0f4acc4f26665ef06dca0d8ab8cdca39900c48b483a9da63,SHA-256 computed from cleaned_audio/CS-89.wav,Amharic-English,,,manual_review,"User-supplied benchmark evidence states transcripts, audio, and audio-transcript alignment were manually reviewed. Reviewer identity, review date, and underlying review logs were not supplied. Benchmark preparation: Ermias.",v1.0,Ermias
CS-90,CS-90.wav,"Batch 6: Geriatrics, Neurology & Infectious Disease Expansion",Nephrology / Endocrinology,provided_in_ground_truth_sheet,Speaker-01,pending_review,Mostly English Clinical Terms,provisional_script_share_estimate_requires_human_confirmation,ከባድ የጡንቻ ድክመት እና hypokalemia (potassium level 2.6 mEq/L) ስላለው፣ oral potassium chloride (KCl) replacement syrup ጀምርለት።,"Hypokalemia, Potassium chloride",verified_against_audio,Google Sheet 1IQOdmAQxuiU2MgAqCAQ91rG-8TIS3UB_:Sheet1!H96 (normalized_transcript; review_status=verified),verified_present,unknown,unknown,unknown,GROUND_TRUTH_SOURCE.xlsx:Sheet1!K96 review_status=verified (Google Sheet 1IQOdmAQxuiU2MgAqCAQ91rG-8TIS3UB_),,,,,Source speaker_id is supplied; speaker-to-case assignment has not been independently reviewed,GROUND_TRUTH_SOURCE.xlsx:Sheet1!C96; raw_audio/CS-90.wav; cleaned_audio/CS-90.wav,796dc657abc8ff687425dd3ca1a420a9d2590203de5bd07839d8fc6529515561,SHA-256 computed from cleaned_audio/CS-90.wav,Amharic-English,,,manual_review,"User-supplied benchmark evidence states transcripts, audio, and audio-transcript alignment were manually reviewed. Reviewer identity, review date, and underlying review logs were not supplied. Benchmark preparation: Ermias.",v1.0,Ermias
CS-91,CS-91.wav,"Batch 7: Advanced Trauma, Critical Care & Special Procedures",Orthopedics / Trauma,provided_in_ground_truth_sheet,Speaker-01,pending_review,Balanced Mix,provisional_script_share_estimate_requires_human_confirmation,በአደጋ ምክንያት የግራ femur shaft fracture ስላለበት፣ traction splinting አድርገን preoperative orthopedic consultation እንጠይቃለን።,"Femur fracture, Traction splinting",verified_against_audio,Google Sheet 1IQOdmAQxuiU2MgAqCAQ91rG-8TIS3UB_:Sheet1!H97 (normalized_transcript; review_status=verified),verified_present,unknown,unknown,unknown,GROUND_TRUTH_SOURCE.xlsx:Sheet1!K97 review_status=verified (Google Sheet 1IQOdmAQxuiU2MgAqCAQ91rG-8TIS3UB_),,,,,Source speaker_id is supplied; speaker-to-case assignment has not been independently reviewed,GROUND_TRUTH_SOURCE.xlsx:Sheet1!C97; raw_audio/CS-91.wav; cleaned_audio/CS-91.wav,2f909e2e252cb62936c2553ad9fdc01a776331e12ad752e2d320e917f85c522e,SHA-256 computed from cleaned_audio/CS-91.wav,Amharic-English,,,manual_review,"User-supplied benchmark evidence states transcripts, audio, and audio-transcript alignment were manually reviewed. Reviewer identity, review date, and underlying review logs were not supplied. Benchmark preparation: Ermias.",v1.0,Ermias
CS-92,CS-92.wav,"Batch 7: Advanced Trauma, Critical Care & Special Procedures",Critical Care / Trauma,provided_in_ground_truth_sheet,Speaker-01,pending_review,Mostly English Clinical Terms,provisional_script_share_estimate_requires_human_confirmation,ከባድ የደረት ጉዳት (flail chest) እና subcutaneous emphysema ስላለው፣ mechanical ventilation support እና intensive care unit (ICU) admission እንሰጣለን።,"Flail chest, ICU admission",verified_against_audio,Google Sheet 1IQOdmAQxuiU2MgAqCAQ91rG-8TIS3UB_:Sheet1!H98 (normalized_transcript; review_status=verified),verified_present,unknown,unknown,unknown,GROUND_TRUTH_SOURCE.xlsx:Sheet1!K98 review_status=verified (Google Sheet 1IQOdmAQxuiU2MgAqCAQ91rG-8TIS3UB_),,,,,Source speaker_id is supplied; speaker-to-case assignment has not been independently reviewed,GROUND_TRUTH_SOURCE.xlsx:Sheet1!C98; raw_audio/CS-92.wav; cleaned_audio/CS-92.wav,09d14cda5c35bb3e63de08b1e7a906eb106320956a953c676a30627a4d33e383,SHA-256 computed from cleaned_audio/CS-92.wav,Amharic-English,,,manual_review,"User-supplied benchmark evidence states transcripts, audio, and audio-transcript alignment were manually reviewed. Reviewer identity, review date, and underlying review logs were not supplied. Benchmark preparation: Ermias.",v1.0,Ermias
CS-93,CS-93.wav,"Batch 7: Advanced Trauma, Critical Care & Special Procedures",Ophthalmology / Emergency,provided_in_ground_truth_sheet,Speaker-01,pending_review,Mostly English Clinical Terms,provisional_script_share_estimate_requires_human_confirmation,የግራ eye chemical burn (alkali injury) ስላሰቃየው፣ immediate normal saline irrigation ለ 30 ደቂቃዎች እና ophthalmology evaluation order እናድርግ።,"Chemical eye burn, Irrigation",verified_against_audio,Google Sheet 1IQOdmAQxuiU2MgAqCAQ91rG-8TIS3UB_:Sheet1!H99 (normalized_transcript; review_status=verified),verified_present,unknown,unknown,unknown,GROUND_TRUTH_SOURCE.xlsx:Sheet1!K99 review_status=verified (Google Sheet 1IQOdmAQxuiU2MgAqCAQ91rG-8TIS3UB_),,,,,Source speaker_id is supplied; speaker-to-case assignment has not been independently reviewed,GROUND_TRUTH_SOURCE.xlsx:Sheet1!C99; raw_audio/CS-93.wav; cleaned_audio/CS-93.wav,8745acfb34b9ba311d418d3b42f81d3a1fc313fac7760f1f9fde0de2fbc85596,SHA-256 computed from cleaned_audio/CS-93.wav,Amharic-English,,,manual_review,"User-supplied benchmark evidence states transcripts, audio, and audio-transcript alignment were manually reviewed. Reviewer identity, review date, and underlying review logs were not supplied. Benchmark preparation: Ermias.",v1.0,Ermias
CS-94,CS-94.wav,"Batch 7: Advanced Trauma, Critical Care & Special Procedures",Critical Care / Emergency,provided_in_ground_truth_sheet,Speaker-01,pending_review,Balanced Mix,provisional_script_share_estimate_requires_human_confirmation,የደም ግፊቱ በከፍተኛ ሁኔታ ቀንሶ (shock state) እና lactate level elevated ስለሆነ፣ central venous catheter (CVC) insertion እና vasopressor support (Norepinephrine) እንጀምራለን።,"Septic/Vasogenic shock, Norepinephrine",verified_against_audio,Google Sheet 1IQOdmAQxuiU2MgAqCAQ91rG-8TIS3UB_:Sheet1!H100 (normalized_transcript; review_status=verified),verified_present,unknown,unknown,unknown,GROUND_TRUTH_SOURCE.xlsx:Sheet1!K100 review_status=verified (Google Sheet 1IQOdmAQxuiU2MgAqCAQ91rG-8TIS3UB_),,,,,Source speaker_id is supplied; speaker-to-case assignment has not been independently reviewed,GROUND_TRUTH_SOURCE.xlsx:Sheet1!C100; raw_audio/CS-94.wav; cleaned_audio/CS-94.wav,b3565d875d674cccb403ed664bcc0efa2b93a4c4624c64fa214824c53276f281,SHA-256 computed from cleaned_audio/CS-94.wav,Amharic-English,,,manual_review,"User-supplied benchmark evidence states transcripts, audio, and audio-transcript alignment were manually reviewed. Reviewer identity, review date, and underlying review logs were not supplied. Benchmark preparation: Ermias.",v1.0,Ermias
CS-95,CS-95.wav,"Batch 7: Advanced Trauma, Critical Care & Special Procedures",Pulmonology / Critical Care,provided_in_ground_truth_sheet,Speaker-01,pending_review,Mostly English Clinical Terms,provisional_script_share_estimate_requires_human_confirmation,በግራ chest wall ላይ የሚሰማ sharp pleuritic chest pain ከ diminished breath sounds ጋር ስላለው (pneumothorax)፣ emergency chest tube insertion order አድርግ።,"Pneumothorax, Chest tube",verified_against_audio,Google Sheet 1IQOdmAQxuiU2MgAqCAQ91rG-8TIS3UB_:Sheet1!H101 (normalized_transcript; review_status=verified),verified_present,unknown,unknown,unknown,GROUND_TRUTH_SOURCE.xlsx:Sheet1!K101 review_status=verified (Google Sheet 1IQOdmAQxuiU2MgAqCAQ91rG-8TIS3UB_),,,,,Source speaker_id is supplied; speaker-to-case assignment has not been independently reviewed,GROUND_TRUTH_SOURCE.xlsx:Sheet1!C101; raw_audio/CS-95.wav; cleaned_audio/CS-95.wav,c829f769e8f8bd685a97a662c1eb7a16e2f695045fb8df2b7f74da940669552f,SHA-256 computed from cleaned_audio/CS-95.wav,Amharic-English,,,manual_review,"User-supplied benchmark evidence states transcripts, audio, and audio-transcript alignment were manually reviewed. Reviewer identity, review date, and underlying review logs were not supplied. Benchmark preparation: Ermias.",v1.0,Ermias
CS-96,CS-96.wav,"Batch 7: Advanced Trauma, Critical Care & Special Procedures",Endocrinology / Surgery,provided_in_ground_truth_sheet,Speaker-01,pending_review,Mostly English Clinical Terms,provisional_script_share_estimate_requires_human_confirmation,የአንገት እጢ (thyroid nodule) ባለበት ታካሚ ላይ fine-needle aspiration cytology (FNAC) እና thyroid profile lab test and order እንሰጣለን።,"Thyroid nodule, FNAC",verified_against_audio,Google Sheet 1IQOdmAQxuiU2MgAqCAQ91rG-8TIS3UB_:Sheet1!H102 (normalized_transcript; review_status=verified),verified_present,unknown,unknown,unknown,GROUND_TRUTH_SOURCE.xlsx:Sheet1!K102 review_status=verified (Google Sheet 1IQOdmAQxuiU2MgAqCAQ91rG-8TIS3UB_),,,,,Source speaker_id is supplied; speaker-to-case assignment has not been independently reviewed,GROUND_TRUTH_SOURCE.xlsx:Sheet1!C102; raw_audio/CS-96.wav; cleaned_audio/CS-96.wav,ec728a4073a83256368f7a247203750bedb1444214e9a768b19e08a7fc89e4b3,SHA-256 computed from cleaned_audio/CS-96.wav,Amharic-English,,,manual_review,"User-supplied benchmark evidence states transcripts, audio, and audio-transcript alignment were manually reviewed. Reviewer identity, review date, and underlying review logs were not supplied. Benchmark preparation: Ermias.",v1.0,Ermias
CS-97,CS-97.wav,"Batch 7: Advanced Trauma, Critical Care & Special Procedures",Urology / Nephrology,provided_in_ground_truth_sheet,Speaker-01,pending_review,Mostly English Clinical Terms,provisional_script_share_estimate_requires_human_confirmation,ከባድ የኩላሊት ጠጠር (renal colic) እና unilateral flank pain ከ hematuria ጋር ስላለው፣ non-contrast CT KUB order አድርገን Diclofenac 75mg IM እንሰጣለን።,"Renal colic, CT KUB",verified_against_audio,Google Sheet 1IQOdmAQxuiU2MgAqCAQ91rG-8TIS3UB_:Sheet1!H103 (normalized_transcript; review_status=verified),verified_present,unknown,unknown,unknown,GROUND_TRUTH_SOURCE.xlsx:Sheet1!K103 review_status=verified (Google Sheet 1IQOdmAQxuiU2MgAqCAQ91rG-8TIS3UB_),,,,,Source speaker_id is supplied; speaker-to-case assignment has not been independently reviewed,GROUND_TRUTH_SOURCE.xlsx:Sheet1!C103; raw_audio/CS-97.wav; cleaned_audio/CS-97.wav,ae1d057e54a132b62784fffcf7aa38a8fadaa6f6174c45d26dd8860c7f9c7439,SHA-256 computed from cleaned_audio/CS-97.wav,Amharic-English,,,manual_review,"User-supplied benchmark evidence states transcripts, audio, and audio-transcript alignment were manually reviewed. Reviewer identity, review date, and underlying review logs were not supplied. Benchmark preparation: Ermias.",v1.0,Ermias
CS-98,CS-98.wav,"Batch 7: Advanced Trauma, Critical Care & Special Procedures",Orthopedics / Surgery,provided_in_ground_truth_sheet,Speaker-01,pending_review,Balanced Mix,provisional_script_share_estimate_requires_human_confirmation,በቀኝ እጅ አንጓ (wrist) ላይ open fracture ከ neurovascular deficit ጋር ስላለው፣ urgent orthopedic surgical debridement እና external fixation plan እንይ።,"Open wrist fracture, Surgical debridement",verified_against_audio,Google Sheet 1IQOdmAQxuiU2MgAqCAQ91rG-8TIS3UB_:Sheet1!H104 (normalized_transcript; review_status=verified),verified_present,unknown,unknown,unknown,GROUND_TRUTH_SOURCE.xlsx:Sheet1!K104 review_status=verified (Google Sheet 1IQOdmAQxuiU2MgAqCAQ91rG-8TIS3UB_),,,,,Source speaker_id is supplied; speaker-to-case assignment has not been independently reviewed,GROUND_TRUTH_SOURCE.xlsx:Sheet1!C104; raw_audio/CS-98.wav; cleaned_audio/CS-98.wav,3fbff60b47801742e89c40c105e7806c97237defeb3d26e49684eb97c5b8f8b4,SHA-256 computed from cleaned_audio/CS-98.wav,Amharic-English,,,manual_review,"User-supplied benchmark evidence states transcripts, audio, and audio-transcript alignment were manually reviewed. Reviewer identity, review date, and underlying review logs were not supplied. Benchmark preparation: Ermias.",v1.0,Ermias
CS-99,CS-99.wav,"Batch 7: Advanced Trauma, Critical Care & Special Procedures",Psychiatry,provided_in_ground_truth_sheet,Speaker-02,pending_review,Mostly English Clinical Terms,provisional_script_share_estimate_requires_human_confirmation,የአእምሮ ህመም (schizophrenia exacerbation) እና auditory hallucinations ስላለው፣ Risperidone 2mg PO BID እና supportive psychiatric care ጀምር።,"Schizophrenia, Risperidone",verified_against_audio,Google Sheet 1IQOdmAQxuiU2MgAqCAQ91rG-8TIS3UB_:Sheet1!H105 (normalized_transcript; review_status=verified),verified_present,unknown,unknown,unknown,GROUND_TRUTH_SOURCE.xlsx:Sheet1!K105 review_status=verified (Google Sheet 1IQOdmAQxuiU2MgAqCAQ91rG-8TIS3UB_),,,,,Source speaker_id is supplied; speaker-to-case assignment has not been independently reviewed,GROUND_TRUTH_SOURCE.xlsx:Sheet1!C105; raw_audio/CS-99.wav; cleaned_audio/CS-99.wav,238e2fca2824452db7df2374656ddd3ceb7d72fe7719e7c8529a26f866de9cd7,SHA-256 computed from cleaned_audio/CS-99.wav,Amharic-English,,,manual_review,"User-supplied benchmark evidence states transcripts, audio, and audio-transcript alignment were manually reviewed. Reviewer identity, review date, and underlying review logs were not supplied. Benchmark preparation: Ermias.",v1.0,Ermias
CS-100,CS-100.wav,"Batch 7: Advanced Trauma, Critical Care & Special Procedures",Gastroenterology / Hepatology,provided_in_ground_truth_sheet,Speaker-02,pending_review,Mostly English Clinical Terms,provisional_script_share_estimate_requires_human_confirmation,የመጨረሻው ደረጃ የጉበት ከሰል (liver cirrhosis) እና ascites ስላለው፣ diagnostic paracentesis with ascitic fluid analysis እና Spironolactone 100mg PO daily ጀምር።,"Liver cirrhosis, Paracentesis",verified_against_audio,Google Sheet 1IQOdmAQxuiU2MgAqCAQ91rG-8TIS3UB_:Sheet1!H106 (normalized_transcript; review_status=verified),verified_present,unknown,unknown,unknown,GROUND_TRUTH_SOURCE.xlsx:Sheet1!K106 review_status=verified (Google Sheet 1IQOdmAQxuiU2MgAqCAQ91rG-8TIS3UB_),,,,,Source speaker_id is supplied; speaker-to-case assignment has not been independently reviewed,GROUND_TRUTH_SOURCE.xlsx:Sheet1!C106; raw_audio/CS-100.wav; cleaned_audio/CS-100.wav,f0b7e2a5bec0f7946c5044924bd361753e3cf1af9fef831148c9d91f4db7be22,SHA-256 computed from cleaned_audio/CS-100.wav,Amharic-English,,,manual_review,"User-supplied benchmark evidence states transcripts, audio, and audio-transcript alignment were manually reviewed. Reviewer identity, review date, and underlying review logs were not supplied. Benchmark preparation: Ermias.",v1.0,Ermias
